{"val_loss": [1.5886598091125488, 1.5678799142837525, 1.4765035552978516, 1.3861904277801513, 1.320349440574646, 1.2712040948867798, 1.1954170932769776, 1.157247444152832, 1.1341369705200195, 1.1190645904541017, 1.0931426973342895, 1.0697760562896728, 1.0411752071380616, 1.0347198505401611, 1.0193811430931092, 1.012464867591858, 0.9969027729034424, 0.9849798321723938, 0.9855755896568298, 0.9676386957168579, 0.9674236059188843, 0.9488546919822692, 0.946981674194336, 0.9358051543235779, 0.9275273952484131, 0.9322984118461609, 0.9098891539573669, 0.9186269111633301, 0.9137558698654175, 0.9079776992797851, 0.9026460208892823, 0.8959440298080444, 0.875405704498291, 0.8808493976593017, 0.8726580767631531, 0.8794770874977111, 0.8635790534019471, 0.8575207271575928, 0.8697595424652099, 0.8495967655181885, 0.8514973793029785, 0.8427005805969239, 0.833445273399353, 0.8337624530792236, 0.8236304831504822, 0.8178103313446045, 0.8213513717651367, 0.8170427188873292, 0.8100686311721802, 0.8098275489807129, 0.8065629720687866, 0.7946325101852417, 0.7978025488853454, 0.7855850667953491, 0.7842328100204468, 0.7742555727958679, 0.789596996307373, 0.765961745262146, 0.7673116779327392, 0.7565266289710999, 0.7514969573020935, 0.7854005517959595, 0.7497697763442993, 0.741799017906189, 0.7402983860969543, 0.7419911570549012, 0.7367968058586121, 0.735873236656189, 0.7467448930740357, 0.7174133610725403, 0.7060479440689087, 0.7106924228668213, 0.7032122330665589, 0.6941237106323243, 0.6792437925338745, 0.6812314386367798, 0.6703246173858642, 0.6651909713745117, 0.6913628702163697, 0.6458827600479126, 0.6370238852500916, 0.6358674488067627, 0.6258981394767761, 0.6106871786117554, 0.6016666536331177, 0.5945162391662597, 0.5752857298851013, 0.5766550197601318, 0.5629157257080079, 0.55181591796875, 0.5437425479888917, 0.541650249004364, 0.5437488451004028, 0.5291776852607727, 0.518733571767807, 0.5128625712394714, 0.4982774295806885, 0.48926033449172973, 0.4987646198272705, 0.4731941318511963], "val_acc": [0.3912083320617676, 0.4075000016689301, 0.45625, 0.4879166693687439, 0.5125000019073487, 0.5285416603088379, 0.5545416679382325, 0.5662916641235352, 0.5754999961853028, 0.580166666507721, 0.5910416641235352, 0.5992499980926513, 0.6036666660308838, 0.609041663646698, 0.6149166679382324, 0.6126666617393494, 0.6234999985694886, 0.6274583344459533, 0.624291669845581, 0.6323333344459534, 0.6367916655540466, 0.6388750014305115, 0.6414583344459533, 0.6439166679382324, 0.6482083358764649, 0.6426666646003724, 0.6565416660308838, 0.6507916674613953, 0.6508750033378601, 0.6528333301544189, 0.6536249957084656, 0.6579166703224182, 0.6668333344459534, 0.663375, 0.6687500038146973, 0.6611249995231628, 0.6696666674613952, 0.6737916674613953, 0.6684583306312561, 0.6770833377838135, 0.6740416674613953, 0.6763750019073487, 0.6830833320617675, 0.680333336353302, 0.6845000052452087, 0.6890833396911621, 0.6878749980926514, 0.690041669845581, 0.6899999966621398, 0.6902083344459534, 0.691833336353302, 0.6971249957084655, 0.6947083339691162, 0.6998333339691162, 0.703125, 0.7040000071525574, 0.697541666507721, 0.7070416622161865, 0.7069583344459534, 0.7088333377838135, 0.7115833315849304, 0.6951250004768371, 0.7136666646003723, 0.7148750004768372, 0.714708333492279, 0.7160833373069763, 0.7149583287239075, 0.7155833353996277, 0.7092500004768372, 0.7201250004768371, 0.7276250033378601, 0.7240416674613953, 0.7269999976158142, 0.7299166674613953, 0.7360833320617676, 0.7344166674613952, 0.7394583339691162, 0.7397083296775818, 0.7316666641235352, 0.7478333315849304, 0.7523749980926514, 0.7551250004768372, 0.75525, 0.7625416665077209, 0.7677916655540467, 0.7704583301544189, 0.7795416660308838, 0.7782499957084655, 0.7857916655540467, 0.7874583287239074, 0.7940000014305115, 0.7964166665077209, 0.7940000014305115, 0.8003750033378602, 0.8056666617393493, 0.8085416622161865, 0.8145416646003724, 0.8158333325386047, 0.8123750004768372, 0.82575], "loss": [1.7469860365125869, 1.5698701079686483, 1.5097997139824761, 1.4120273818969726, 1.3393956972757974, 1.271101900206672, 1.2105487106111315, 1.1634774245156183, 1.1293927179972332, 1.0994498018688625, 1.0776802389356825, 1.0553970153596666, 1.037379681693183, 1.0204460714658101, 1.004074159198337, 0.9932386684417724, 0.9794682897461785, 0.9663530225223965, 0.9550691936810811, 0.9453748881022136, 0.9367955165969001, 0.9283330381181505, 0.9187454352378845, 0.9111745558844673, 0.9016782095167372, 0.8940281032986112, 0.8882509350776673, 0.8824448462062412, 0.8724972003300985, 0.8652618128458659, 0.8595462352434794, 0.853820699956682, 0.8473657499419318, 0.8398617292510139, 0.8334970459938049, 0.8283244766659207, 0.8228045921325684, 0.8158132423294915, 0.8122422957420349, 0.8079745362069871, 0.7967894372410245, 0.7943648958206176, 0.7864029009077284, 0.7815118797620138, 0.7777268421914842, 0.7708081580268012, 0.7668038799497816, 0.761313255045149, 0.7550465646849738, 0.747552006509569, 0.7442380268308851, 0.7386617617077298, 0.730709316889445, 0.7267534531487359, 0.7240520138210721, 0.7142501477135552, 0.7100663091871473, 0.7036058379279243, 0.699389861424764, 0.6922588268915812, 0.6877356399430169, 0.6820320693122016, 0.6768803895844353, 0.6683993910683526, 0.6651050123108758, 0.6614649154875013, 0.6528111590279473, 0.6486705295774672, 0.6448792522218493, 0.6347088650597467, 0.6284232401318021, 0.6244160516526964, 0.6173439818488227, 0.6109928353627523, 0.6029521133634779, 0.5970646788279216, 0.5921010193294949, 0.5829349168141683, 0.5743368410534329, 0.5698455512258742, 0.55809028895696, 0.5496624439557394, 0.540472612592909, 0.5335134479204814, 0.5243442642953661, 0.512918206665251, 0.5055511942969428, 0.494828816625807, 0.48796538925170896, 0.4778287626902262, 0.4665478038258023, 0.45808182032903033, 0.45073639175626967, 0.4444462372461955, 0.43559708648257783, 0.42469339897897507, 0.4190440643098619, 0.41182565355300904, 0.40352601432800295, 0.3990788322554694], "acc": [0.3675000001986822, 0.4023518512778812, 0.4392407403522068, 0.4767314812872145, 0.505837961938646, 0.530856480439504, 0.5515046291881137, 0.5665231486956278, 0.5760277779897054, 0.5863194437556797, 0.594282407283783, 0.60192129723231, 0.6089537037213644, 0.6154953702820672, 0.6220185188187494, 0.6251157410939534, 0.6308194425900777, 0.636712961991628, 0.6400370357831319, 0.6432499993642171, 0.6459629629453023, 0.6511203705999586, 0.6538287029266358, 0.6567546291351318, 0.6602592599127027, 0.6636064818170335, 0.6657916677263048, 0.6675277780426873, 0.6711990727318657, 0.6744629632631938, 0.6765370356241862, 0.6791712979210748, 0.6809259236123827, 0.6840185178650751, 0.6864120352533128, 0.6886481478479174, 0.6904166667196485, 0.6940324074957106, 0.6932824070718553, 0.6956111121177674, 0.7009999995231628, 0.701143517865075, 0.704300925148858, 0.7069537046750387, 0.707074073738522, 0.7101111107402378, 0.7116203705999586, 0.7125185183948941, 0.7153055568271213, 0.7187037023438347, 0.7201342573695713, 0.7218425919744703, 0.725421296066708, 0.7267824087672763, 0.7281296299298604, 0.7321851856973436, 0.7323148165278964, 0.7352175922923618, 0.7364675939877828, 0.7395648155742222, 0.7411666653951009, 0.7435138885180156, 0.744736111164093, 0.7475509265793694, 0.7496527766651577, 0.7496944448682997, 0.7537546299828424, 0.75470833184984, 0.7550648148324755, 0.7605648153093126, 0.7626712970733642, 0.7632314813401964, 0.7661481453047858, 0.768555555343628, 0.7715462942653232, 0.7738240740564134, 0.7755462962256537, 0.7798611105283101, 0.7828703699641758, 0.7856111129654778, 0.7892500008477105, 0.7933611101044549, 0.7978564811812506, 0.7996666661898295, 0.8039444429079692, 0.8092175920274522, 0.8123750006887648, 0.816060185485416, 0.8193425922393799, 0.8243472226990594, 0.8296620360480415, 0.8334444444444444, 0.8362314801216125, 0.8383564817110697, 0.8425833345519171, 0.847699073738522, 0.8496018501387702, 0.8527870366838243, 0.85625463130739, 0.8577592604425218]}