{"val_loss": [1.786948839187622, 1.711132511138916, 1.6185216884613036, 1.5532557573318482, 1.495156925201416, 1.4190637283325196, 1.3461151962280273, 1.2840356044769288, 1.2280515985488891, 1.1878128089904785, 1.1549826736450195, 1.1148665475845336, 1.086810968399048, 1.063508668899536, 1.0399644060134887, 1.0157876319885253, 0.9918483018875122, 0.977571964263916, 0.9635015716552734, 0.9450130405426025, 0.9352864685058594, 0.9278134355545044, 0.9187726211547852, 0.906804271697998, 0.885814619064331, 0.8722962627410888, 0.8610163402557373, 0.8539054489135742, 0.8472335042953492, 0.8310812788009644, 0.8187514019012451, 0.8231114139556884, 0.8088642082214356, 0.7889431457519531, 0.7785261201858521, 0.7636284942626953, 0.7555570173263549, 0.7485514249801636, 0.7345749349594116, 0.718889986038208, 0.6975527935028076, 0.699228147983551, 0.6747829608917236, 0.6692359580993652, 0.6458021006584167, 0.6459402647018433, 0.6313727140426636, 0.617370635509491, 0.5927261438369751, 0.5805123825073242, 0.5668099308013916, 0.5468326435089111, 0.5337828497886657, 0.521411280632019, 0.5005365257263183, 0.48710319995880125, 0.4785908613204956, 0.4701118063926697, 0.45644976425170897, 0.43141984272003175, 0.4218306093215942, 0.408609227180481, 0.4000594263076782, 0.38836371231079103, 0.3748882966041565, 0.36658373737335204, 0.3751061325073242, 0.34999675703048705, 0.3409322500228882, 0.33600424432754517, 0.3455702447891235, 0.32660976696014404, 0.3131279544830322, 0.3130765678882599, 0.34663895988464355, 0.29544132900238035, 0.2928964171409607, 0.2894053688049316, 0.2972172155380249, 0.2792604355812073, 0.2731554317474365, 0.26733165740966797, 0.2693271088600159, 0.27439189982414247, 0.264356418132782, 0.25162006998062136, 0.2492150797843933, 0.2689564471244812, 0.24397961020469666, 0.24021087789535522, 0.24863358235359193, 0.23358179640769958, 0.22749894666671752, 0.23142270851135255, 0.26164577436447145, 0.2208408410549164, 0.22328144145011902, 0.22604009819030763, 0.22699301981925965, 0.21508526134490966], "val_acc": [0.35239999985694886, 0.37414999747276306, 0.3988000018596649, 0.4217999997138977, 0.445350001335144, 0.46910000109672545, 0.49759999990463255, 0.5142999968528748, 0.5344500017166137, 0.5509500045776368, 0.5616499984264374, 0.5780000009536743, 0.5900500016212463, 0.5997499995231629, 0.6036499972343445, 0.6118999969959259, 0.6229499955177307, 0.626, 0.6312500009536743, 0.6365499968528747, 0.6422500033378601, 0.642600001335144, 0.6477999978065491, 0.6506000032424927, 0.6606500015258789, 0.6664000005722046, 0.671350001335144, 0.6748999972343445, 0.6765499963760376, 0.6825000038146972, 0.6846000032424927, 0.6777999982833862, 0.6863000078201293, 0.6961000003814697, 0.7013000020980835, 0.7066999983787536, 0.705049997329712, 0.707950002193451, 0.7175500020980835, 0.7192499990463257, 0.7309999947547913, 0.7251499981880188, 0.7352000007629395, 0.7410499997138977, 0.7472999963760376, 0.7476999979019165, 0.7536000008583069, 0.7602000017166137, 0.7687000012397767, 0.7732500004768371, 0.7806000032424927, 0.7880499930381775, 0.7963999962806702, 0.8005999999046326, 0.8095999975204468, 0.8148000011444092, 0.8189500036239624, 0.8242500004768372, 0.827300003528595, 0.8322500009536743, 0.8405999970436097, 0.8474000015258789, 0.8489500055313111, 0.8561499953269959, 0.8575500001907349, 0.8652000050544739, 0.8560000004768371, 0.8707000036239624, 0.8738000054359436, 0.8750999994277954, 0.8684000010490418, 0.8762999973297119, 0.8836499991416931, 0.8815499978065491, 0.8696500015258789, 0.8937500009536743, 0.8897499995231628, 0.8942000012397766, 0.8905499978065491, 0.8954499979019165, 0.901800000667572, 0.9019000005722045, 0.900800000667572, 0.8960500040054321, 0.9018500018119812, 0.9073499989509582, 0.9087499923706055, 0.897649998664856, 0.9129000024795533, 0.9136500039100647, 0.9067500019073487, 0.9121000037193299, 0.9160500020980835, 0.9154500036239624, 0.9035000038146973, 0.9164999980926514, 0.9169999976158142, 0.9155499958992004, 0.916550003528595, 0.9219499979019165], "loss": [1.876387655682034, 1.7559825507269966, 1.6647285106447007, 1.5957583420011732, 1.5224521076414321, 1.452184433831109, 1.37784626950158, 1.3064678505791558, 1.2494473176532321, 1.201787254863315, 1.1599898266262478, 1.1242668662601047, 1.091906030760871, 1.0612577544318305, 1.0358080185254415, 1.0113317640092638, 0.9898376706441243, 0.9678623718685574, 0.9525610405604045, 0.9335325458314684, 0.9207762862311469, 0.9050309539900886, 0.8878657477696736, 0.8771619458728367, 0.863887744002872, 0.8510060153007507, 0.8395960287517972, 0.826639566315545, 0.8152523029115465, 0.7997311063872443, 0.788313689602746, 0.7755812291039361, 0.7624101957745022, 0.7499742716153462, 0.7374737411604987, 0.7217147258122762, 0.7073830651177301, 0.6949437330563863, 0.6830857335196601, 0.6651814144982232, 0.6501877978112962, 0.6378382326761881, 0.6219415194193522, 0.6105443867577447, 0.59549053006702, 0.5792765380011664, 0.5681309792730543, 0.5529325021637811, 0.5369383239746094, 0.5243112248314752, 0.504673610607783, 0.4908144390053219, 0.4732839042345683, 0.4596968683136834, 0.44393060188823275, 0.4252641215324402, 0.41264166225327387, 0.3995291689766778, 0.3864225025706821, 0.37279054231113856, 0.3551873454517788, 0.34502813045183817, 0.3323734305434757, 0.3215645662943522, 0.31010838169521754, 0.30441102197435166, 0.28929726383421156, 0.28060154615508187, 0.27148001024458146, 0.26471467810206945, 0.26062423197428386, 0.24962032710181342, 0.24824729360474482, 0.23062305879592895, 0.2360643744998508, 0.22315476359261407, 0.21573822469181483, 0.21140967914793227, 0.20475555822584365, 0.19867282025019328, 0.19115601007143657, 0.18676383582750955, 0.180480599588818, 0.18409473141034444, 0.17559573203987544, 0.1704985855817795, 0.16876062756114535, 0.1658394147157669, 0.1609685112900204, 0.15059467208385469, 0.15320374374919468, 0.15471251169840494, 0.14425553196006352, 0.14598210048675536, 0.1394034707016415, 0.13296399490038555, 0.1299853259060118, 0.1269533595111635, 0.13515757784578536, 0.12274279562632243],