{"val_loss": [1.7465956325531007, 1.6230521240234375, 1.5956980447769165, 1.558771141052246, 1.4913620548248292, 1.4383306255340575, 1.397765640258789, 1.3767225227355957, 1.335657663345337, 1.2959209156036378, 1.2610278444290162, 1.2373307790756225, 1.2077429151535035, 1.1908645696640014, 1.1758416748046876, 1.149704252243042, 1.1387762832641601, 1.1282407035827637, 1.1114169368743896, 1.0964715662002564, 1.0807909317016602, 1.0767415676116943, 1.0636801080703735, 1.0623458585739136, 1.0478446202278138, 1.0458245477676391, 1.0251017122268677, 1.0232362937927246, 1.0128246383666992, 1.0164829440116883, 0.9993087377548218, 0.9921101613044738, 0.9871732244491577, 0.9740152020454407, 0.9771550817489624, 0.9696659083366395, 0.9672671809196473, 0.9630856237411499, 0.9562978625297547, 0.9554438009262085, 0.9407170114517212, 0.9472551584243775, 0.9312083668708802, 0.9239806256294251, 0.9208646664619445, 0.9325733675956726, 0.9308950462341309, 0.9102174954414368, 0.910710681438446, 0.9044315919876099, 0.90176651096344, 0.9173060636520386, 0.9039932942390442, 0.8889677772521972, 0.8931024971008301, 0.8820502977371216, 0.8967188105583191, 0.8885947675704956, 0.8946988267898559, 0.8742795896530151, 0.8777720217704773, 0.8644314393997192, 0.8557339720726013, 0.859412034034729, 0.8556198396682739, 0.8629009070396423, 0.8449538412094116, 0.8461802473068237, 0.8466517939567566, 0.876709228515625, 0.8323749189376831, 0.8447097396850586, 0.8329932131767273, 0.826896095752716, 0.8396801118850707, 0.8165845704078675, 0.8116325130462646, 0.8063462572097778, 0.812787693977356, 0.8058657274246216, 0.8005358576774597, 0.7959166684150696, 0.7948031206130981, 0.7952906551361084, 0.7828523221015931, 0.7763255763053895, 0.773439019203186, 0.7881985602378845, 0.7784182744026185, 0.7630458340644837, 0.7697064700126648, 0.7571839413642883, 0.7596752705574036, 0.7543983716964722, 0.7557230687141419, 0.7448633074760437, 0.7346799807548523, 0.7313681135177612, 0.7269322700500488, 0.7231883773803711], "val_acc": [0.36339999866485595, 0.37730000019073484, 0.3965999948978424, 0.42679999899864196, 0.44529999780654905, 0.46989999747276306, 0.49150000190734866, 0.4927999978065491, 0.5147000050544739, 0.5132000012397766, 0.5270000061988831, 0.5415000038146973, 0.547899998664856, 0.5570000014305114, 0.5635999898910522, 0.5689999942779541, 0.5687999973297119, 0.5726999983787536, 0.578899998664856, 0.588100004196167, 0.5907000041007996, 0.5939000005722046, 0.5957999973297119, 0.6020000004768371, 0.6063999972343445, 0.6015999975204468, 0.6127000060081482, 0.6114999947547912, 0.6154000005722046, 0.6198999977111816, 0.6227999897003174, 0.621200002193451, 0.6246999988555908, 0.6347000036239624, 0.6344999995231628, 0.6329000062942505, 0.6358999986648559, 0.6372000041007996, 0.6379999980926514, 0.6362000002861022, 0.6447000098228455, 0.6414000067710877, 0.644900002002716, 0.6517000012397766, 0.6534000091552734, 0.6484000000953675, 0.6453999996185302, 0.6576999983787537, 0.6531000065803528, 0.6577000017166138, 0.6593000011444092, 0.6470999979972839, 0.6612000002861023, 0.6665999984741211, 0.6603000054359436, 0.664100004196167, 0.6601000008583069, 0.6629000010490418, 0.65710000705719, 0.6718999934196472, 0.6620000004768372, 0.6736999950408935, 0.6781999988555908, 0.6703000016212464, 0.6744999904632568, 0.6680000042915344, 0.6815000009536744, 0.6837999987602233, 0.6745000033378601, 0.668799991607666, 0.6859999928474426, 0.6762999935150147, 0.6799000000953674, 0.6875999970436096, 0.6801000022888184, 0.6894999928474427, 0.6898000030517578, 0.6938000030517578, 0.6903000049591065, 0.6934999985694885, 0.6953000001907349, 0.6970000057220459, 0.6956999998092651, 0.6945000023841857, 0.7037999968528748, 0.7029999980926513, 0.7020000019073487, 0.7001000027656555, 0.7003000040054321, 0.7082000021934509, 0.7086000051498413, 0.7072999987602234, 0.7071000013351441, 0.7082000007629394, 0.7102000145912171, 0.7128000011444092, 0.7148000040054321, 0.7189000048637391, 0.7218999967575074, 0.7215999994277954], "loss": [1.9265991294648912, 1.6658338141971165, 1.6164892169104683, 1.5850859744813708, 1.5325265977647569, 1.4738100383546617, 1.4236357785330878, 1.3829299102359347, 1.3466971273422241, 1.3092375473446316, 1.2775526439878675, 1.2509583011203342, 1.2239126315646702, 1.1968478963640001, 1.1782356118096247, 1.157176646868388, 1.1389290188683403, 1.1235315072801377, 1.1082048550711738, 1.0948699782689413, 1.0804804033703275, 1.0670770927005344, 1.0557029396692912, 1.0450769952138266, 1.0343340060975816, 1.0237594131893581, 1.0156863117218018, 1.0047011088265314, 0.9958379980723063, 0.9857685849931505, 0.9766030658086141, 0.9678183878792657, 0.9603568348354763, 0.9553186337153117, 0.9468664206398858, 0.9386960929234822, 0.9318090329700046, 0.9255636796421475, 0.9201953522364299, 0.9123992950121562, 0.9092979309293959, 0.8986444841490852, 0.8946793424288432, 0.8849746072027418, 0.8788125504387749, 0.8761453699535794, 0.8735267424053615, 0.8640892847908868, 0.8597204547988044, 0.8577172935273912, 0.8462841110229492, 0.8427444292704265, 0.8379391259087456, 0.8298104903962877, 0.8267235966788398, 0.8203076990975274, 0.8180498639742534, 0.8132311329311794, 0.8067780909538269, 0.8008019391165839, 0.802253801451789, 0.7914557888772753, 0.7830000892745124, 0.7840264670054118, 0.7714093419710795, 0.7667250795894199, 0.7639529584248861, 0.7570743149651421, 0.7516114888721043, 0.7500880568822225, 0.745075655301412, 0.7348731012874179, 0.7311462907261319, 0.7256775719324747, 0.722249921215905, 0.7140898995929295, 0.7090934974882338, 0.7015067760679456, 0.6985561170578003, 0.6913434517118666, 0.6874259719848633, 0.6805931005477905, 0.676325413968828, 0.670230686240726, 0.6659398700926039, 0.658324283917745, 0.6525394966337416, 0.6425350819163852, 0.6423868837356568, 0.6343612021340265, 0.6294254638883803, 0.6223340717421638, 0.6154728066126506, 0.6104191814528571, 0.6046720482508341, 0.6034764484299554, 0.5932315851847331, 0.5912383927239312, 0.5803273701137966, 0.5780054157045152],