{"val_loss": [1.7130559101104736, 1.6352036876678466, 1.5604806690216064, 1.4753406982421875, 1.411945821762085, 1.3546419324874879, 1.2787276992797851, 1.2189044799804687, 1.1588745803833007, 1.1240452842712403, 1.0720221843719482, 1.033916997909546, 1.012965799331665, 0.9810875988006592, 0.9601337385177612, 0.9423279056549072, 0.9185182104110717, 0.8915219659805298, 0.8855801901817322, 0.8563331165313721, 0.8252536745071412, 0.8050651178359985, 0.7939676337242126, 0.7775821838378906, 0.7292282319068909, 0.6885073938369751, 0.6589746794700623, 0.6145150442123413, 0.5734968686103821, 0.5253661122322083, 0.48205837535858154, 0.44135269689559936, 0.39970604586601255, 0.3655161030292511, 0.33428887248039246, 0.317574999332428, 0.29618567967414855, 0.2712403476238251, 0.28239897584915163, 0.23075215637683869, 0.21421898138523102, 0.20507595658302308, 0.18738911271095277, 0.166182461977005, 0.164416348695755, 0.15955903792381287, 0.14436749124526976, 0.13211608862876892, 0.15285577034950257, 0.1343032361268997, 0.1118820321559906, 0.11380313450098038, 0.10991814994812012, 0.10988725680112839, 0.1014133653640747, 0.098789213180542, 0.09892599248886108, 0.08498767799139023, 0.08820577776432037, 0.09651521742343902, 0.07637765026092529, 0.08489382684230805, 0.10402243685722351, 0.06593570756912231, 0.06596688449382782, 0.07372168123722077, 0.19685046243667603, 0.06078636866807938, 0.05335248804092407, 0.06005947932600975, 0.09819345855712891, 0.05667900627851486, 0.04868625754117966, 0.054565972089767455, 0.07375493550300598, 0.06662407088279725, 0.05322164899110794, 0.048495772540569304, 0.04579561626911163, 0.19519389510154725, 0.045385384291410445, 0.10289049518108367, 0.041121314108371734, 0.040298964262008664, 0.05274433016777039, 0.0835772204399109, 0.04065973979234695, 0.037858781635761264, 0.03694217997789383, 0.0953379506766796, 0.037110890686511994, 0.04530873852968216, 0.04943116843700409, 0.1133455046415329, 0.0365032559633255, 0.032658669278025625, 0.03446412181854248, 0.03196191680431366, 0.03372923120856285, 0.05831014859676361], "val_acc": [0.359, 0.383375, 0.4225625, 0.4551875, 0.4766875, 0.5034375, 0.5314375, 0.55525, 0.5745, 0.5905625, 0.60775, 0.629625, 0.6295, 0.6444375, 0.6454375, 0.64375, 0.6624375, 0.67325, 0.6680625, 0.686125, 0.698625, 0.705875, 0.7050625, 0.7023125, 0.7265, 0.7411875, 0.7481875, 0.7709375, 0.774625, 0.8033125, 0.8236875, 0.8349375, 0.858875, 0.875375, 0.8908125, 0.892625, 0.9021875, 0.90975, 0.902375, 0.925375, 0.928375, 0.9343125, 0.939125, 0.948375, 0.9483125, 0.948625, 0.955875, 0.959, 0.9508125, 0.9566875, 0.9665, 0.964, 0.9674375, 0.964125, 0.969375, 0.9694375, 0.9693125, 0.974375, 0.9731875, 0.9665, 0.977125, 0.973, 0.9634375, 0.9820625, 0.9815625, 0.9778125, 0.9336875, 0.98375, 0.9858125, 0.982875, 0.965, 0.9829375, 0.98725, 0.984125, 0.9764375, 0.9774375, 0.98275, 0.98625, 0.986875, 0.934375, 0.9875, 0.96475, 0.9891875, 0.9890625, 0.984125, 0.97, 0.9886875, 0.989375, 0.9901875, 0.9659375, 0.9890625, 0.986375, 0.984875, 0.9633125, 0.9886875, 0.990625, 0.9893125, 0.9911875, 0.9901875, 0.9794375], "loss": [1.8226729808383517, 1.6763443959554036, 1.5992522757848104, 1.5093872655232747, 1.4297941264046563, 1.3617831648720635, 1.301223209169176, 1.2456393214331734, 1.186756022983127, 1.1332386815812852, 1.088500693957011, 1.048163244459364, 1.0117998631795246, 0.9799553876452975, 0.9527073889838324, 0.9266088418430752, 0.9056384993659126, 0.8799355466630724, 0.8593756913079156, 0.8378631836573283, 0.8152489596472846, 0.7957119549115499, 0.7706917241414388, 0.7483528149922689, 0.7168072712156508, 0.6827726935810513, 0.642907783402337, 0.601661110136244, 0.5547551205952962, 0.5091695727772183, 0.4689325664308336, 0.42235854660140143, 0.38924982714653017, 0.35497398286395604, 0.3242255278693305, 0.2956336374812656, 0.2730156460867988, 0.24847777093781365, 0.22411801748805577, 0.21008173485596976, 0.19247959444257948, 0.18046112228764427, 0.16898250134123696, 0.15036844330363802, 0.14178326618671416, 0.13278330319457585, 0.12261168872647815, 0.11532659782303704, 0.11242348207367792, 0.10723751632372538, 0.09691683620876736, 0.0916919602950414, 0.08648856582244237, 0.08329524498515659, 0.08514230736758974, 0.07193559675746494, 0.0748894631796413, 0.06420422151353625, 0.07005555177397198, 0.07272571525308821, 0.060269044839673575, 0.05930127343535423, 0.06759087904294332, 0.053249937997923956, 0.04537687207261721, 0.04612835724486245, 0.05789269901646508, 0.0661802217496766, 0.03849903693795204, 0.04101558348867628, 0.05427480775780148, 0.05401939238442315, 0.03338661538892322, 0.03923104462358687, 0.03617422228720453, 0.04096166289349397, 0.04731676493419541, 0.031010491967201233, 0.02797256482144197, 0.035592809581094315, 0.054173614237043595, 0.02880015079014831, 0.03368727644781272, 0.023733378294441436, 0.022794960730605655, 0.028151046855582132, 0.055649631480375925, 0.0218352609011862, 0.02146028535481956, 0.04134757257004579, 0.028546903249290254, 0.019575555018252797, 0.019821003028088147, 0.0457527953253852, 0.027060907509591843, 0.01706823839661148, 0.016265273197657533, 0.016634368593494098, 0.016948607246081035, 0.06370356580283906], "acc": [0.33615972222222223, 0.37183333333333335, 0.4075625, 0.4439722222222222, 0.47458333333333336, 0.5000763888888888, 0.5229722222222222, 0.5435694444444444, 0.5675902777777778, 0.5875694444444445, 0.6038472222222222, 0.6189791666666666, 0.6326736111111111, 0.6468888888888888, 0.6558333333333334, 0.6651736111111111, 0.6712013888888889, 0.6827430555555556, 0.6892569444444444, 0.6973125, 0.7052777777777778, 0.71175, 0.722125, 0.7281944444444445, 0.7391527777777778, 0.7515972222222222, 0.7639930555555555, 0.7780763888888889, 0.7967916666666667, 0.8151805555555556, 0.8321944444444445, 0.8549513888888889, 0.8692222222222222, 0.8825625, 0.8973263888888889, 0.9092708333333334, 0.9167777777777778, 0.9275, 0.9357847222222222, 0.9397708333333333, 0.9459027777777778, 0.9489861111111111, 0.9520555555555555, 0.9595902777777777, 0.9622361111111111, 0.9641111111111111, 0.9675694444444445, 0.9699444444444445, 0.9693402777777778, 0.9708680555555556, 0.9749652777777778, 0.9763680555555555, 0.97875, 0.9785763888888889, 0.9769166666666667, 0.9825972222222222, 0.9801319444444444, 0.9850694444444444, 0.9818888888888889, 0.9798541666666667, 0.985, 0.9855277777777778, 0.9812152777777777, 0.9878402777777778, 0.9906875, 0.9897638888888889, 0.9848888888888889, 0.9811458333333334, 0.9926180555555556, 0.9908680555555556, 0.9850347222222222, 0.9854305555555556, 0.9937847222222222, 0.9910625, 0.9917986111111111, 0.9896666666666667, 0.9870138888888889, 0.9935347222222223, 0.9948333333333333, 0.9917847222222222, 0.9842013888888889, 0.9942291666666667, 0.9922986111111111, 0.9959027777777778, 0.9960902777777778, 0.9939166666666667, 0.9831666666666666, 0.9964236111111111, 0.9961111111111111, 0.9884791666666667, 0.9935763888888889, 0.9966666666666667, 0.9964027777777777, 0.9864166666666667, 0.9937708333333334, 0.9976527777777778, 0.9977638888888889, 0.9973611111111111, 0.9973055555555556, 0.9798402777777778]}