{"val_loss": [1.8764341793060302, 1.8635922946929933, 1.8134438333511353, 1.7883613138198853, 1.7653311853408813, 1.7138081369400024, 1.6683888683319092, 1.6770268001556397, 1.57377024269104, 1.5515323038101196, 1.4987396574020386, 1.4515370092391968, 1.4187695713043214, 1.3789056663513184, 1.3569099073410034, 1.3333096103668214, 1.309563967704773, 1.2807020416259767, 1.2536489076614379, 1.2354227170944214, 1.2111843481063842, 1.1896819105148315, 1.162944130897522, 1.1388726615905762, 1.1168636608123779, 1.1091454648971557, 1.0682206373214722, 1.0401941061019897, 1.0200047817230224, 1.0004507884979248, 0.9899699711799621, 0.9641824564933776, 0.9449706263542176, 0.9289535894393921, 0.9218861050605774, 0.8822735095024109, 0.8559314913749695, 0.8302928771972656, 0.8046463823318482, 0.7761258845329284, 0.7281180148124695, 0.6846020083427429, 0.6504645729064942, 0.6054753437042236, 0.5565657596588135, 0.5074062180519104, 0.46914493989944456, 0.43924972558021547, 0.4123509023189545, 0.39189925241470336, 0.36532494878768923, 0.3477168667316437, 0.32656163549423217, 0.30498000645637513, 0.3130457201004028, 0.27426859498023987, 0.2607927267551422, 0.24191729950904847, 0.2392137280702591, 0.21959934723377228, 0.20974014365673066, 0.20631766426563264, 0.18466848480701448, 0.19209160602092742, 0.16975382566452027, 0.1632205548286438, 0.21576705193519594, 0.1530277692079544, 0.13762010085582732, 0.13588237845897674, 0.13336599564552307, 0.12785628283023834, 0.118181853890419, 0.1467174880504608, 0.10657652562856675, 0.17719764149188996, 0.09726868504285813, 0.10278408873081207, 0.0953200522661209, 0.1260766144990921, 0.11511112636327743, 0.09461425864696503, 0.10506609845161438, 0.07801866841316223, 0.07952742779254914, 0.07132053595781326, 0.19215095663070678, 0.07329663646221161, 0.06814316195249558, 0.0630554855465889, 0.08116059792041778, 0.059442937672138214, 0.06581583386659622, 0.06053289049863815, 0.05677213943004608, 0.1975714396238327, 0.07985240572690963, 0.053384341657161716, 0.04813943588733673, 0.049042565286159516], "val_acc": [0.32299999976158145, 0.3301249995231628, 0.3288749997615814, 0.33362500023841857, 0.3427500004768372, 0.353625, 0.3708750002384186, 0.3726249997615814, 0.41025000023841857, 0.4128750004768372, 0.43125, 0.447125, 0.46937500047683717, 0.48812499952316285, 0.4966250009536743, 0.5098749995231628, 0.5218750004768371, 0.5257499990463257, 0.5331250009536743, 0.5424999990463257, 0.55275, 0.5566250004768372, 0.575125, 0.5781250004768371, 0.5866249990463257, 0.5824999990463257, 0.6051250009536743, 0.61225, 0.62275, 0.6273749995231629, 0.6253750009536743, 0.6423749995231628, 0.6486250004768371, 0.6546249995231629, 0.6468749990463257, 0.66725, 0.6767500009536743, 0.6852499990463257, 0.6887499990463257, 0.7018749990463257, 0.7277500009536744, 0.7405000009536743, 0.748875, 0.7724999995231628, 0.7951249990463257, 0.821375, 0.8424999995231628, 0.8573749995231629, 0.8645, 0.8758750009536743, 0.8878749990463257, 0.8897500004768372, 0.9015000004768372, 0.9117499995231628, 0.906625, 0.9176249995231628, 0.924375, 0.9331249995231629, 0.93025, 0.9377499995231628, 0.9429999995231628, 0.943125, 0.9513749990463257, 0.944625, 0.9522500004768372, 0.9536249990463257, 0.9323750009536743, 0.95875, 0.9640000004768372, 0.9657500004768371, 0.9603750009536743, 0.966375, 0.967875, 0.9518749995231628, 0.9717500009536744, 0.935375, 0.9744999990463257, 0.97075, 0.9745000004768372, 0.9558749995231628, 0.9628750009536743, 0.97375, 0.9677499990463256, 0.9785000004768372, 0.9772500004768372, 0.9794999990463257, 0.934375, 0.9779999995231629, 0.9812499990463257, 0.9814999990463257, 0.9737500004768371, 0.9835, 0.9791249995231628, 0.9821249990463257, 0.9832500004768372, 0.9295000004768371, 0.97425, 0.985625, 0.987875, 0.988125], "loss": [2.05398014916314, 1.8623812179565429, 1.8310832297007242, 1.8030216029485067, 1.778258604367574, 1.739642074584961, 1.688376615524292, 1.6420982036590577, 1.5899627811643813, 1.5438173124525283, 1.497319222132365, 1.4585222404268052, 1.4234914259380764, 1.3896602919896444, 1.3602311789194743, 1.3334677702585855, 1.3053254110548231, 1.2825758006837633, 1.2552960830264621, 1.2330142230987549, 1.208808986875746, 1.1828603355619642, 1.1597433959113228, 1.1330268580118814, 1.1070333960851033, 1.0806228676901923, 1.0540334794786241, 1.0276846571498448, 1.0070451732211643, 0.9772040487925212, 0.9602224791844686, 0.9385319752163357, 0.912121009932624, 0.8956872745090061, 0.8716495967970954, 0.8510858485963609, 0.8272937863137987, 0.7973659765455458, 0.771252695189582, 0.7349803499645657, 0.7042910857730441, 0.6598388727506002, 0.6207624701393976, 0.5792468193372091, 0.5288670486874051, 0.4912973283396827, 0.4550278788672553, 0.4194327597618103, 0.3921458719571431, 0.3612798817952474, 0.33649450114038254, 0.31601251753171283, 0.2937292065620422, 0.2828701596260071, 0.25937715305222403, 0.2456435583035151, 0.22910495313008628, 0.20963432098759546, 0.20472267905871072, 0.18544382225142586, 0.17672842138343386, 0.16807281131214566, 0.15695601444774204, 0.14168651970227558, 0.13251460263464185, 0.12485488254494137, 0.12785879147052764, 0.1256814855734507, 0.10710233521461487, 0.09730068881644142, 0.09484583199686475, 0.08746923058562808, 0.08266419253084395, 0.08397246595886018, 0.07992578660117255, 0.08736658229430516, 0.0702977055311203, 0.060252236088116966, 0.0575936857925521, 0.056089376197920905, 0.056081699083248775, 0.05156355333328247, 0.08137333872583177, 0.047510040793153976, 0.04072430735164218, 0.03790871466199557, 0.05436996314260695, 0.07368852895498276, 0.03493117069535785, 0.0312256074613995, 0.031550250050094396, 0.032859738854898346, 0.026623584056893985, 0.026561829100052517, 0.025785536183251277, 0.040016328672568005, 0.07052986171510485, 0.0262847541405095, 0.020072036855750614, 0.018826124393277698], "acc": [0.27852777777777776, 0.3288888889418708, 0.3330555555820465, 0.33516666661368477, 0.34291666661368475, 0.3521666667196486, 0.3670555555290646, 0.38372222219573127, 0.4024583333598243, 0.4202916666666667, 0.4374166667196486, 0.4525138888888889, 0.4687638889418708, 0.48370833335982427, 0.4951527777777778, 0.505361111164093, 0.5191944443384806, 0.5284444443384806, 0.5377916666136847, 0.5464444444444444, 0.5557777777777778, 0.5644583332273695, 0.5730555556615193, 0.5807222221162585, 0.5912916666666667, 0.6009444443914626, 0.611527777671814, 0.6224027778837415, 0.6282083332273696, 0.6416527778307597, 0.6477222221692404, 0.6554444444444445, 0.6660138889418707, 0.6730138889948527, 0.6829583332273695, 0.6900833332803514, 0.6968333333863153, 0.7081249998940362, 0.7171805555555556, 0.7309861111640931, 0.7427777777247959, 0.7599861110051473, 0.7747083333863153, 0.7924999999470181, 0.8175138887829251, 0.8336527778837416, 0.8526666667196485, 0.871138888835907, 0.8831805555555555, 0.900138888782925, 0.9084861111111111, 0.9194722221692403, 0.9272222222222222, 0.9294027778837416, 0.9408194443384806, 0.9448055555025736, 0.9494999998940362, 0.9575694444974263, 0.9561527777247959, 0.9639722222222222, 0.9648194443384807, 0.9672222222752042, 0.9695416665607028, 0.9752083334392971, 0.9776111110051473, 0.9794583332273695, 0.9763194444974264, 0.9754999999470181, 0.9822222222222222, 0.984888888835907, 0.9846666666666667, 0.9870833333863153, 0.9874027778307597, 0.9861527778307597, 0.9867916666136848, 0.982375000052982, 0.9891527778307597, 0.9924166667726305, 0.9929583333863152, 0.9926527777777778, 0.9918194445504083, 0.9926805556085374, 0.9791805555025737, 0.9934166665607028, 0.9955138888888889, 0.9962777776718139, 0.9890555555025736, 0.9804999998940361, 0.9963888889948527, 0.9974027777247959, 0.9968472222222222, 0.9958194443914625, 0.9975694443914626, 0.9974722222222222, 0.9972499999470181, 0.9916527776718139, 0.9782777778837416, 0.9964444444444445, 0.9985, 0.9989305555555555]}