{"val_loss": [1.625789083480835, 1.5681512384414673, 1.4535072154998778, 1.3671209650039673, 1.301843132019043, 1.2386778774261475, 1.1802639560699464, 1.1508442306518554, 1.1102614288330077, 1.0851114673614501, 1.0612669944763184, 1.037479702949524, 1.0182431554794311, 0.9999400329589844, 0.9747471714019775, 0.9694718294143677, 0.9640544419288635, 0.9452138648033143, 0.922664903640747, 0.9042566561698914, 0.9106729521751403, 0.8845414819717408, 0.9041435117721558, 0.859051290512085, 0.8522494826316833, 0.8410563879013061, 0.8405758218765259, 0.8203111114501953, 0.8237333126068115, 0.8011033554077148, 0.7968232154846191, 0.8118822631835938, 0.772697663784027, 0.7675440635681152, 0.7868052506446839, 0.7419039735794067, 0.7252782874107361, 0.7380039882659912, 0.7311192092895508, 0.6950544309616089, 0.6863508157730103, 0.6746129493713379, 0.6543525919914246, 0.6643037476539612, 0.6340907988548279, 0.6238552064895629, 0.5977458672523499, 0.581138198852539, 0.578434871673584, 0.5596287488937378, 0.548677942276001, 0.5367733201980591, 0.5264428110122681, 0.5032463164329529, 0.4850948991775513, 0.4687992210388184, 0.45875723505020144, 0.4501293544769287, 0.42732657194137574, 0.41811557579040526, 0.4006283044815063, 0.39086805868148805, 0.4050546579360962, 0.3699568648338318, 0.3545591804981232, 0.3639401135444641, 0.337905296087265, 0.32593612480163575, 0.32296105289459226, 0.3115456166267395, 0.3142514958381653, 0.3118394799232483, 0.27789769887924193, 0.2927318079471588, 0.26893393135070803, 0.2595645751953125, 0.26297234344482423, 0.2625738611221313, 0.2535217459201813, 0.24127053117752076, 0.23841153502464293, 0.2395674887895584, 0.23422842311859132, 0.23094647336006163, 0.21890362882614137, 0.21447154808044433, 0.21910621094703675, 0.2143115384578705, 0.20328972613811494, 0.20734357595443725, 0.2011899814605713, 0.2060268350839615, 0.1862583713531494, 0.18584565830230712, 0.19008679735660552, 0.19301944398880005, 0.1903383866548538, 0.17781375277042388, 0.16650832867622375, 0.17356179893016815], "val_acc": [0.376500002861023, 0.41785000085830687, 0.46294999861717223, 0.5026499953269958, 0.5227499990463257, 0.5408499970436096, 0.5582000021934509, 0.5746499977111816, 0.5894500007629394, 0.5967500038146972, 0.6028999991416931, 0.6141500000953675, 0.6209499974250794, 0.6235500001907348, 0.6321500020027161, 0.6362000031471252, 0.6337500009536743, 0.6462000050544738, 0.652649998664856, 0.6594500007629395, 0.6562999992370605, 0.6651500015258789, 0.657500002861023, 0.6794000039100647, 0.6778500013351441, 0.6834000000953674, 0.6818000020980834, 0.6918500003814697, 0.6864999990463256, 0.7007499957084655, 0.6949000029563904, 0.6925499949455262, 0.7119500007629395, 0.7099000010490417, 0.6940500040054322, 0.7187499990463256, 0.7256500058174133, 0.7148000001907349, 0.7168499999046326, 0.7354499998092652, 0.7380500020980835, 0.7399499988555909, 0.7477000017166138, 0.7412500009536743, 0.7549999995231629, 0.7587999925613403, 0.7717999973297119, 0.7779000000953674, 0.7777000045776368, 0.7860499997138977, 0.7880000009536743, 0.7928500018119812, 0.7988000025749207, 0.8080499992370606, 0.8203000040054321, 0.8219000024795532, 0.8241999974250793, 0.828949999332428, 0.8434499983787537, 0.8455499982833863, 0.8535000023841858, 0.8570000042915344, 0.8461500005722046, 0.8632000017166138, 0.8734000039100647, 0.8635000023841858, 0.8747499980926514, 0.8801999998092651, 0.8808500022888184, 0.8880500016212464, 0.8823500013351441, 0.8857000017166138, 0.9007999963760376, 0.8885499963760376, 0.9044000039100647, 0.9063000001907349, 0.9020499958992004, 0.904449999332428, 0.9070500001907349, 0.9103500051498413, 0.9131999998092651, 0.9128000030517578, 0.9128500018119812, 0.9149500017166138, 0.9200000014305115, 0.9216999998092651, 0.9194000005722046, 0.921599997997284, 0.9259999952316285, 0.9269999914169311, 0.9260500025749206, 0.9237499942779541, 0.9338500003814697, 0.9322999963760376, 0.9305000009536744, 0.9293999981880188, 0.9302999968528748, 0.9340500011444092, 0.9393500051498413, 0.9369499998092652], "loss": [1.7921083530849882, 1.6090567330254448, 1.5172648610009087, 1.4121592734654744, 1.3349295514424642, 1.2666476645999485, 1.2065562696456908, 1.1596407623291016, 1.1252653356128268, 1.0938696281645033, 1.0675364744398328, 1.0425324719746907, 1.0196401966412862, 0.998700524965922, 0.9777971556981404, 0.9639664094713, 0.9452551757494608, 0.927672343466017, 0.9134750571250916, 0.8994655258390638, 0.8866963995827569, 0.8769823928409153, 0.8611888072755601, 0.8496643399662441, 0.8372586339314778, 0.8287878508037991, 0.8164095798598395, 0.8035631219546, 0.7959374756813049, 0.7867715072102017, 0.7721289492183262, 0.7627990140385098, 0.7497503083546956, 0.7397305746078491, 0.7256620914671156, 0.716991606288486, 0.7055260829925537, 0.6919113547007243, 0.67964359664917, 0.6668784232669407, 0.6548265849749247, 0.6374303839471606, 0.6264484187232123, 0.6111007063653734, 0.5985229136149088, 0.5820187066131168, 0.5679008679919773, 0.5554789322747125, 0.5402493113146888, 0.5293602339956496, 0.5120561202367147, 0.4983666712443034, 0.486279861052831, 0.4710011183420817, 0.4560303183661567, 0.4411155073377821, 0.4287376662890116, 0.41349641331036885, 0.39895919693840876, 0.3852386763360765, 0.37144385968314275, 0.3589523911211226, 0.3473969269328647, 0.3420985531542036, 0.3229210911062029, 0.3115477377573649, 0.30259195515844556, 0.2952331880463494, 0.28651945792304145, 0.27694882921377817, 0.2641136658589045, 0.25756245930989585, 0.2540585381189982, 0.23857396327124702, 0.2336225930319892, 0.2271010717286004, 0.21859405432807075, 0.2139271438386705, 0.20910397113694085, 0.20183612868520948, 0.19698165220684474, 0.1921972434785631, 0.18716833496756025, 0.18336836179097493, 0.17423864793777466, 0.17642800796031952, 0.16752870947784848, 0.16409392875432968, 0.15964941888385348, 0.16327451695336237, 0.1545027953253852, 0.147533013926612, 0.14865079198943243, 0.14250055842929416, 0.1405884369744195, 0.13649877124362522, 0.13371364148457845, 0.131998714711931, 0.13433345301946004, 0.12165068432357576],