{"val_loss": [1.5517621116638183, 1.4922677450180053, 1.4130360059738158, 1.377689437866211, 1.3502983474731445, 1.3295516967773438, 1.3051041164398194, 1.284717131614685, 1.2886490392684937, 1.2630203485488891, 1.2374771842956542, 1.2685498390197754, 1.2249153232574463, 1.218637370109558, 1.1731046600341797, 1.1617435646057128, 1.1536467876434326, 1.1378550453186036, 1.1332496223449706, 1.1395412349700929, 1.1077198839187623, 1.0861640062332154, 1.0744078674316406, 1.082181303024292, 1.0550583992004394, 1.0451172714233399, 0.9890360746383667, 0.9900736317634583, 0.9935052518844605, 0.9400682306289673, 0.9295817065238953, 0.9393687062263488, 0.9587964272499084, 0.9141067533493042, 0.8969612135887146, 0.911528787612915, 0.8885992956161499, 0.8834474558830261, 0.8667652826309205, 0.8505436201095581, 0.8681820774078369, 0.8387485189437867, 0.8539138827323913, 0.8394783277511597, 0.8898868665695191, 0.8605263414382934, 0.8240800848007203, 0.8736197094917297, 0.8306585154533386, 0.8520512428283692, 0.8089574089050293, 0.7963370265960693, 0.7895987462997437, 0.8141553535461425, 0.7944912919998169, 0.7994579644203186, 0.8057856988906861, 0.834109528541565, 0.8119227867126465, 0.8167240500450135, 0.784113977432251, 0.8148782224655151, 0.7732639780044556, 0.7960835294723511, 0.7999713110923767, 0.7787370376586914, 0.7659883761405945, 0.7752217617034912, 0.7896986670494079, 0.7742038125991821, 0.7621509203910828, 0.759685357093811, 0.7635050940513611, 0.7479956946372985, 0.7499345183372498, 0.7577559690475464, 0.7729471936225891, 0.7465823826789856, 0.7525016441345215, 0.7359442205429078, 0.7498506278991699, 0.7327536568641663, 0.7286253037452698, 0.7512181029319763, 0.7305455560684204, 0.7308645639419555, 0.7567107915878296, 0.7234976673126221, 0.7425836906433105, 0.71519313621521, 0.7503611273765564, 0.7191030387878418, 0.7134090037345886, 0.7333753929138184, 0.7248685569763184, 0.7114361944198608, 0.7225126028060913, 0.7128991041183471, 0.72586137342453, 0.7267267589569092], "val_acc": [0.3973749997615814, 0.41062499833106997, 0.4433749997615814, 0.4449166691303253, 0.46754166769981387, 0.46962500309944155, 0.4790833313465118, 0.49004166531562804, 0.4844999997615814, 0.49654166436195374, 0.5088749976158142, 0.47591666531562804, 0.5051250007152558, 0.5017499985694885, 0.5339166674613952, 0.5393333334922791, 0.5401250004768372, 0.5513749995231628, 0.5472500033378601, 0.5390000004768372, 0.567166663646698, 0.5790416641235352, 0.5844166703224182, 0.581166666507721, 0.5908750004768372, 0.5946666665077209, 0.633458336353302, 0.6296249961853028, 0.6214166717529297, 0.6510416622161865, 0.6562500023841857, 0.6416250023841857, 0.6342083353996277, 0.6572083358764649, 0.6627500038146973, 0.6458749995231629, 0.6595833353996277, 0.6593750019073487, 0.6690833320617676, 0.6755833320617676, 0.6637499980926513, 0.6785416679382325, 0.6742916641235351, 0.6753333325386047, 0.6482500033378601, 0.6590000052452087, 0.6817083339691162, 0.6499583325386047, 0.6749166655540466, 0.6646250042915344, 0.6865833358764648, 0.693, 0.697166663646698, 0.6808333358764649, 0.6912500023841858, 0.6889999985694886, 0.6834999995231629, 0.6680833282470703, 0.6802083353996277, 0.6671666693687439, 0.692291663646698, 0.6821666717529297, 0.6949583282470703, 0.6807916679382324, 0.6819583320617676, 0.68875, 0.6982499980926513, 0.6916666722297669, 0.683291666507721, 0.6893333334922791, 0.6957083344459534, 0.6948333358764649, 0.6954999995231629, 0.7014999995231629, 0.7005000023841857, 0.6981250004768371, 0.6930833373069764, 0.7035833315849305, 0.6959999966621399, 0.7070833382606506, 0.7035833373069763, 0.7092499995231628, 0.7103333353996277, 0.693291663646698, 0.7082916703224182, 0.7056249957084656, 0.6924583287239074, 0.7096666626930237, 0.7014583339691162, 0.7160000023841858, 0.6989166660308838, 0.713125, 0.7169999995231628, 0.7024583325386048, 0.7105000095367432, 0.7156666693687439, 0.7126666665077209, 0.7156666641235352, 0.7064583282470703, 0.7048333320617676], "loss": [1.604142167409261, 1.5144864196777343, 1.4435245632595486, 1.3947695446014405, 1.3676472420162624, 1.340097595638699, 1.3185252634684246, 1.2992365652720133, 1.2849717525906033, 1.2670776124530367, 1.2517523217731052, 1.2308633153703477, 1.2158459635840522, 1.1993712039523654, 1.1841106752819486, 1.1682481700049507, 1.1571065125995212, 1.140976084391276, 1.1248402440812852, 1.1147067731221516, 1.1007897225485908, 1.087489873568217, 1.0763895768059624, 1.0610744575924345, 1.0429012207455106, 1.023279950565762, 1.0070905238257515, 0.9833667645984225, 0.9648707086245218, 0.9439695278273689, 0.9396373084386189, 0.9143220228619046, 0.9074165052307976, 0.897591647942861, 0.881172539446089, 0.8758185234599644, 0.8665396992365519, 0.8606883172988892, 0.8560574150085449, 0.8470625153647529, 0.8448405898412069, 0.8346078369882372, 0.8217461777263217, 0.8204355534447564, 0.8246917730967204, 0.8139669183095296, 0.8084556885825264, 0.8056702737808228, 0.7977070581648085, 0.79746028720008, 0.7889933137893677, 0.7932717638015747, 0.7804622173309326, 0.7760685334205627, 0.7772746613290575, 0.7783453771273295, 0.7710287030537923, 0.7726900844573975, 0.7643405548731486, 0.7557601149876912, 0.7656951305071513, 0.7632833851708306, 0.7492568739785088, 0.7531919351683722, 0.7437043203247918, 0.7410355790456136, 0.7378549134996202, 0.7370661385854085, 0.7373411419126723, 0.7306063687006632, 0.7244648976325989, 0.732937371995714, 0.7203038203451368, 0.717472826215956, 0.7165754578378466, 0.7205558149019877, 0.7110755485958523, 0.7030406387646994, 0.7022760211626689, 0.7094347826639811, 0.6991865185101827, 0.6996025560167101, 0.6986409576733907, 0.6964496544731987, 0.6925361913045247, 0.6913769237730238, 0.685543893178304, 0.6820875328911675, 0.6879311185942756, 0.6787834017011855, 0.6942216211424933, 0.6800770284864638, 0.6714007856051127, 0.6744151341120402, 0.6806114065912034, 0.6696963886684841, 0.6641970199478997, 0.6650280507405599, 0.6785279146830241, 0.6563647917641534], "acc": [0.38212036991119386, 0.4106851847966512, 0.4313379632367028, 0.4470046299033695, 0.45711574024624296, 0.4680462969409095, 0.4767916669315762, 0.4848888897365994, 0.48982407371203107, 0.4978055557939741, 0.5050416674349043, 0.5146481476359898, 0.519467592769199, 0.5263425937228733, 0.5332268533176846, 0.5392731463644239, 0.5427314819229974, 0.5502222226990594, 0.5595370366838244, 0.5629953707059224, 0.5710555548667908, 0.5763379641638862, 0.5830277773539225, 0.5925231483777365, 0.6033518525759379, 0.6152638891008165, 0.6221111129654778, 0.6339814812872145, 0.6424999993642171, 0.6510416664017571, 0.6492731480598449, 0.6622731471061707, 0.6625462957488166, 0.6662268519401551, 0.673310185485416, 0.6741296301417881, 0.6756296282874213, 0.67729166703754, 0.6771527775128683, 0.6804861123826769, 0.6796481490135193, 0.6840787032975091, 0.6902546287112766, 0.6878564823468526, 0.6849722224341499, 0.689587962521447, 0.6908657404581706, 0.6926944447093539, 0.6966527758174472, 0.6944398144616021, 0.6975231467352974, 0.6954074088202582, 0.7011527779897054, 0.7027592598067389, 0.7015324077606201, 0.6986342610783047, 0.7030185181829665, 0.7004444428020054, 0.7052037029796177, 0.7099259258376227, 0.7023611109521654, 0.7032453708648682, 0.7110277782546149, 0.7078240741623772, 0.7117592591709561, 0.7119768527878655, 0.7141759272681342, 0.7137037031385634, 0.7121435172292921, 0.7158425927162171, 0.719078702237871, 0.7133194424841139, 0.7207129636870491, 0.720814815044403, 0.720754627916548, 0.717379629611969, 0.7229907402992248, 0.7265787037213643, 0.726305556456248, 0.7227268499268426, 0.7266990729437934, 0.7268796306716071, 0.7270879624684652, 0.7272083358764648, 0.7288564813931783, 0.7294259272151523, 0.7327870375845167, 0.7345231477949354, 0.730763888306088, 0.7351435181829664, 0.7277870372666253, 0.7332685199843513, 0.738106480439504, 0.7371481493314107, 0.7317638887299431, 0.7379583337042067, 0.7401574087672763, 0.7398703697522482, 0.7326944450802273, 0.7440138884120517]}