{"val_loss": [1.8466523704528808, 1.7977759952545167, 1.6986429662704468, 1.5977541904449464, 1.5152582778930663, 1.4344849643707276, 1.3748458156585692, 1.3567226572036744, 1.2659339389801025, 1.230229612350464, 1.1823890056610107, 1.1361532182693481, 1.0782515125274659, 1.0489059772491456, 1.0107136964797974, 0.9508353147506714, 0.9082845044136048, 0.8552066135406494, 0.8271905636787414, 0.7399810547828675, 0.6661301126480103, 0.5571229257583619, 0.5012501430511475, 0.4111839606761932, 0.3979064519405365, 0.3322604146003723, 0.2800292863845825, 0.2468585376739502, 0.22420410311222078, 0.20835155439376832, 0.19079145514965057, 0.1543569083213806, 0.14341114366054536, 0.12948819410800932, 0.10980835592746735, 0.10524787712097168, 0.10188797867298126, 0.08230140781402588, 0.08983677595853806, 0.08923661190271377, 0.08111020916700364, 0.056640046179294586, 0.16879011631011964, 0.07153395235538483, 0.05334981721639633, 0.0503788126707077, 0.047141122311353686, 0.05627511873841286, 0.04373452085256577, 0.03648326995968819, 0.1315033733844757, 0.03517638036608696, 0.026704421848058702, 0.11362923061847686, 0.026756487429142, 0.02315924146771431, 0.02708382497727871, 0.027012415379285813, 0.028869341596961022, 0.023907659083604812, 0.016227480567991732, 0.037662613958120345, 0.018066560566425322, 0.016510346658527852, 0.018000263676047325, 0.033838425546884536, 0.016603011563420297, 0.015887319698929786, 0.01344644282758236, 0.014572445422410965, 0.16531768798828125, 0.01640059019625187, 0.016119122311472892, 0.013245111346244813, 0.05937185609340668, 0.013742924973368644, 0.07904270964860916, 0.018272070154547692, 0.011434296041727066, 0.01130847243964672, 0.016230815432965756, 0.023299513682723046, 0.01734714525565505, 0.013485059032216667, 0.012014100631698965, 0.033742903709411624, 0.011705500051379204, 0.014708282619714737, 0.012986531119793653, 0.011648978278040886, 0.012012765519320965, 0.44438963317871094, 0.014162304118275642, 0.008875471130013466, 0.00983761940151453, 0.01108073376864195, 0.011268637198954821, 0.14810397922992707, 0.01313910774886608, 0.009620799526572228], "val_acc": [0.3264375, 0.3313125, 0.3596875, 0.3959375, 0.4259375, 0.464, 0.486375, 0.4920625, 0.5293125, 0.5415625, 0.5576875, 0.574625, 0.601625, 0.606375, 0.6201875, 0.644625, 0.6603125, 0.6874375, 0.686125, 0.72475, 0.74375, 0.79975, 0.825375, 0.876, 0.8614375, 0.9041875, 0.928875, 0.9361875, 0.9453125, 0.946125, 0.95175, 0.9644375, 0.9653125, 0.9695625, 0.977375, 0.975875, 0.9758125, 0.9816875, 0.974375, 0.97575, 0.9779375, 0.9888125, 0.9480625, 0.97725, 0.9875625, 0.9881875, 0.9878125, 0.9836875, 0.9889375, 0.9913125, 0.9535625, 0.9909375, 0.9936875, 0.963375, 0.9934375, 0.994625, 0.9926875, 0.99275, 0.9914375, 0.994, 0.9970625, 0.9881875, 0.9958125, 0.9961875, 0.995125, 0.989, 0.9960625, 0.996, 0.996875, 0.9964375, 0.9430625, 0.9954375, 0.9955625, 0.997125, 0.9798125, 0.9963125, 0.971875, 0.9944375, 0.99725, 0.9969375, 0.9951875, 0.9925, 0.9949375, 0.9964375, 0.9971875, 0.9889375, 0.9968125, 0.996, 0.9961875, 0.996375, 0.995875, 0.8863125, 0.996125, 0.9976875, 0.9974375, 0.9968125, 0.996875, 0.953375, 0.99625, 0.997125], "loss": [1.95951626279619, 1.8220231812795002, 1.76009167904324, 1.6500727829403348, 1.5558469148212009, 1.471914299858941, 1.4019254808425903, 1.342003431532118, 1.2922806990941365, 1.2450597313774956, 1.1942088046603732, 1.1430138768090141, 1.0995788835949367, 1.0501557121276854, 1.005901104927063, 0.9633496289253235, 0.9206387509240045, 0.8737157687081231, 0.823249553627438, 0.7632875676684909, 0.6828504916297065, 0.5887836254437765, 0.5088446713023715, 0.44556884786817763, 0.38501706960466175, 0.3340945041974386, 0.29629598032103643, 0.25817810644043815, 0.2277775117026435, 0.20466122126579284, 0.17662641013993158, 0.15926594999101426, 0.13659272253513335, 0.1278040657573276, 0.10302990047799217, 0.09623449659347534, 0.09046304182211558, 0.08492301926347945, 0.06975559070375231, 0.06385291247897677, 0.07584579636653264, 0.050437346349159876, 0.04887664859162437, 0.056516316294670105, 0.038089693135685394, 0.05580971654918459, 0.03945211251576741, 0.032701735721694096, 0.03161231573588318, 0.026489672930704224, 0.04028616855210728, 0.043420659384793704, 0.020661233257916238, 0.04941348082489438, 0.023417396564450528, 0.01630720982948939, 0.014727948687142795, 0.017917633907662496, 0.015985803931951523, 0.05740190718240208, 0.013144933730363845, 0.015457804083824158, 0.021793846224745114, 0.01084896059996552, 0.010106515336367819, 0.07541160008145703, 0.011346352461311552, 0.008182449754741456, 0.007611192668477694, 0.007468954231796993, 0.029546868190169336, 0.029282672492994204, 0.007451807823859983, 0.00840516846626997, 0.020271768152713775, 0.012234728721280893, 0.015819783954156768, 0.04260916008262171, 0.0061045972853899, 0.005331043833659755, 0.0053354227387656765, 0.010965277063349883, 0.02803292264458206, 0.006177863472037845, 0.005448645762685273, 0.04248973375807206, 0.007020527636839284, 0.016667431381013658, 0.004675713500628869, 0.005069773537831174, 0.004659802904973427, 0.010817294386525948, 0.05221246181262864, 0.0045223864424559805, 0.0037678313077323966, 0.003540246750538548, 0.004074291702359915, 0.022350769626183643, 0.02617027003193895, 0.0034804183749688996], "acc": [0.30267361111111113, 0.33018055555555553, 0.3441736111111111, 0.3784722222222222, 0.413375, 0.4467777777777778, 0.4761388888888889, 0.4998125, 0.5191180555555556, 0.5372013888888889, 0.555375, 0.5734583333333333, 0.5889444444444445, 0.6083333333333333, 0.6245277777777778, 0.6435555555555555, 0.6592013888888889, 0.6777569444444445, 0.6959861111111111, 0.7174652777777778, 0.7491666666666666, 0.7888611111111111, 0.8257013888888889, 0.8563125, 0.8860833333333333, 0.9092638888888889, 0.9234583333333334, 0.9367361111111111, 0.946375, 0.9530347222222222, 0.9621111111111111, 0.9662708333333333, 0.9734791666666667, 0.9727986111111111, 0.9819652777777778, 0.9820555555555556, 0.9822569444444444, 0.9827847222222222, 0.9873541666666666, 0.9885138888888889, 0.9823055555555555, 0.9918611111111111, 0.9912013888888889, 0.9877430555555555, 0.9940486111111111, 0.9865763888888889, 0.9919722222222223, 0.9943888888888889, 0.9940833333333333, 0.9959375, 0.9901944444444445, 0.9887152777777778, 0.9968194444444445, 0.9875972222222222, 0.9957638888888889, 0.9977708333333334, 0.9981597222222223, 0.9969791666666666, 0.9973125, 0.9834097222222222, 0.9981180555555556, 0.9971805555555555, 0.9948055555555556, 0.9984444444444445, 0.9985486111111112, 0.9791111111111112, 0.9984166666666666, 0.9991736111111111, 0.9991805555555555, 0.9991458333333333, 0.9913888888888889, 0.9915833333333334, 0.999125, 0.9987638888888889, 0.9943819444444445, 0.9973402777777778, 0.9959513888888889, 0.9867222222222222, 0.9993541666666667, 0.9994236111111111, 0.9994513888888888, 0.99725, 0.9917638888888889, 0.9990972222222222, 0.9992152777777777, 0.9869791666666666, 0.9989583333333333, 0.9957222222222222, 0.9994444444444445, 0.9990902777777778, 0.9991736111111111, 0.9973055555555556, 0.9850416666666667, 0.9995138888888889, 0.9995763888888889, 0.9996527777777777, 0.999375, 0.9930625, 0.9917638888888889, 0.9997847222222223]}