{"val_loss": [1.7000111608505248, 1.5932509536743165, 1.581852904319763, 1.5912049579620362, 1.5309852275848388, 1.4969778499603272, 1.432488989830017, 1.3976966934204103, 1.3559644832611084, 1.3137055835723876, 1.28188893699646, 1.2483354263305664, 1.2232331600189208, 1.2035443735122682, 1.1891914949417115, 1.167641089439392, 1.1529115734100341, 1.1296221294403077, 1.1190125942230225, 1.1096875143051148, 1.095546236038208, 1.0841075630187988, 1.0820012454986572, 1.06211457157135, 1.0678445730209352, 1.0520147857666016, 1.049941834449768, 1.0444209384918213, 1.0391832733154296, 1.0299344530105592, 1.0155103864669799, 1.0210378894805907, 1.002581934928894, 1.0025396547317504, 0.9901541090011596, 0.9916305999755859, 0.9873788456916809, 0.9782848706245423, 0.974668007850647, 0.9695598592758179, 0.9661059036254883, 0.953896213054657, 0.978141312122345, 0.9537983102798462, 0.9519995908737182, 0.9522668275833129, 0.9585833597183228, 0.9420472292900085, 0.9323936839103699, 0.933084056854248, 0.9249762125015258, 0.9214252519607544, 0.9201792492866516, 0.9305954976081848, 0.9239702410697938, 0.914325641155243, 0.9076475915908814, 0.9056704034805297, 0.9064926905632019, 0.9073642530441284, 0.9102524938583374, 0.9099811429977417, 0.901660987854004, 0.9068542666435242, 0.9052766156196594, 0.8860909113883972, 0.8874347839355469, 0.8830070724487304, 0.8813725385665894, 0.8806828536987305, 0.8751769609451294, 0.8778085603713989, 0.8739504194259644, 0.8778497400283813, 0.8775640339851379, 0.8736195902824402, 0.868801323890686, 0.8657502355575561, 0.8751648898124695, 0.8655034561157227, 0.869807258605957, 0.860729287147522, 0.8597517099380493, 0.8586685628890991, 0.8626857533454895, 0.849367947101593, 0.8665577654838562, 0.8581642107963562, 0.858837278842926, 0.8679653816223144, 0.8539394674301147, 0.8583823146820069, 0.8523622436523437, 0.8498917050361633, 0.8512796578407288, 0.8440564136505126, 0.8384795813560486, 0.845714319229126, 0.8478946886062622, 0.8409211754798889], "val_acc": [0.3750833320617676, 0.38450000166893006, 0.38991666650772094, 0.40174999785423277, 0.42500000047683717, 0.43841666412353514, 0.46416666626930236, 0.48358333253860475, 0.49716666841506957, 0.5110000081062317, 0.5290833387374878, 0.5377500004768372, 0.5435000061988831, 0.5542500052452087, 0.5577500042915344, 0.5625833358764648, 0.5694999966621399, 0.575333333492279, 0.582166663646698, 0.5847500071525574, 0.5871666684150696, 0.5901666626930236, 0.5961666688919067, 0.5992499985694886, 0.594749997138977, 0.6020000009536743, 0.601750002861023, 0.6067500004768371, 0.6080833325386047, 0.6099166622161866, 0.6183333292007446, 0.6125833320617676, 0.621333333492279, 0.619416666507721, 0.6264166612625122, 0.6242500081062317, 0.6207500009536743, 0.627416663646698, 0.6301666684150696, 0.6311666722297669, 0.631916663646698, 0.6381666669845582, 0.625249997138977, 0.6320000066757202, 0.6354166617393494, 0.6364166655540466, 0.632583327293396, 0.642250002861023, 0.6470000014305115, 0.6444166679382324, 0.6488333420753479, 0.645916666507721, 0.64675, 0.6427499985694886, 0.6460000061988831, 0.6526666626930236, 0.6540833411216735, 0.6568333320617675, 0.6544166688919067, 0.6545833339691162, 0.6511666660308838, 0.6515000047683716, 0.6568333368301391, 0.6514166646003723, 0.6530833377838134, 0.6617500028610229, 0.6605833263397217, 0.6648333368301391, 0.6634999990463257, 0.6654166679382324, 0.66575, 0.6668333349227905, 0.664833333492279, 0.6625833349227905, 0.6662499976158142, 0.668666672706604, 0.6689999942779541, 0.6710833382606506, 0.6654166603088378, 0.6720833292007447, 0.6710833368301392, 0.6730833339691162, 0.6715833311080932, 0.6750833277702332, 0.6726666617393494, 0.6784166669845582, 0.6692500052452087, 0.6760000042915344, 0.6729166617393494, 0.6683333353996277, 0.6763333315849305, 0.6774166607856751, 0.6764166646003723, 0.679083333492279, 0.6813333349227906, 0.6805833430290222, 0.6850833387374878, 0.686083336353302, 0.6792499942779541, 0.6828333225250244], "loss": [1.883594215604994, 1.6094568050172593, 1.5793198489083184, 1.5642327359517416, 1.537422874238756, 1.4980085915459527, 1.4485598996480307, 1.3962337578667534, 1.3548222876654732, 1.3191928447087606, 1.2820946504804822, 1.250436052746243, 1.2226195101208157, 1.19685576110416, 1.174738665898641, 1.1567194160885281, 1.1375001382827759, 1.1201465405358209, 1.1052307881249321, 1.0920963372124566, 1.0808478243086073, 1.0666541205512152, 1.0555649881362914, 1.045484561284383, 1.0389190113809375, 1.026294572936164, 1.0157114680608113, 1.00803212568495, 1.00092508898841, 0.9943898674647014, 0.9829436265097724, 0.9754200196795993, 0.9678606193330553, 0.9621587532361349, 0.9542759060329861, 0.9488320981661479, 0.9435769008000692, 0.9353435507880317, 0.9330138672722711, 0.9226615960862902, 0.9164018890062968, 0.9106810675726996, 0.9055256707403395, 0.9026635304556953, 0.8957108644909328, 0.8910374887254503, 0.8847318921618992, 0.879671718067593, 0.8760357166926066, 0.8691423397594028, 0.864855340745714, 0.8634329368273417, 0.8558759779400296, 0.8514746967951456, 0.8480660573641459, 0.8436909544732836, 0.835921456972758, 0.8337185426288181, 0.8289654702080621, 0.826264741314782, 0.822266840616862, 0.8184477479722765, 0.8162554330825805, 0.8110130484369066, 0.8055420604281955, 0.8005143096711901, 0.7982083904478285, 0.7969070471657647, 0.7920646667480469, 0.785971071826087, 0.7789893111122979, 0.7749295476807488, 0.7724944287406074, 0.7752437612215678, 0.76901219230228, 0.7648644310633341, 0.7630168422063192, 0.7581166085137261, 0.7541058297687107, 0.7482878041797214, 0.7466554906103346, 0.7430341618325975, 0.7388676741917928, 0.7358177110883924, 0.7347132770750258, 0.7295251135296292, 0.7266127299202813, 0.7198038303587172, 0.7180115423732334, 0.7197325410842895, 0.7115176511340671, 0.7098183162477282, 0.7064990606307984, 0.7008010601997375, 0.6956812234454685, 0.6926259107589722, 0.6901529210408529, 0.6848144574695163, 0.6826060503323873, 0.6787225419680277], "acc": [0.34816666690508524, 0.38958333269755047, 0.39543518529997934, 0.4060555545224084, 0.42384259361690946, 0.43979629715283713, 0.4614444455570645, 0.48253703580962287, 0.49666666592492, 0.5108333358764648, 0.5255925908618503, 0.5381944445504082, 0.5475555578337775, 0.5579537053108216, 0.5648333343399895, 0.5707499997350904, 0.5767129624154833, 0.5823796279695299, 0.5883888879881964, 0.5925370372136434, 0.5962685173882378, 0.601953704463111, 0.6058518526289198, 0.609981479326884, 0.6120648170577155, 0.6177500009536743, 0.6215277808507284, 0.6241851867039998, 0.626324076016744, 0.6293981488015916, 0.6333518510394626, 0.6362037043041653, 0.6393425929811266, 0.6405648147265116, 0.644092590490977, 0.646472222381168, 0.647842591020796, 0.6515185177591112, 0.6515370365248786, 0.6558981478479173, 0.6580092598597209, 0.661287038538191, 0.6628796313603719, 0.6637222231758966, 0.6660277745458815, 0.66783333296246, 0.6703981472651164, 0.6728055558204651, 0.6737129624684651, 0.6763518528938294, 0.6785925934049818, 0.6783148180113898, 0.6815185194545322, 0.6838240732616848, 0.6858888891008165, 0.6853518517812093, 0.6905092571576437, 0.6906481466293335, 0.6914444459279379, 0.6928888913260566, 0.6949074098798964, 0.6957962945832147, 0.6968240763876173, 0.6997407414118448, 0.7008055554495918, 0.7039074076546563, 0.7040648135609097, 0.7042962950070699, 0.7064814833535088, 0.7089537034034729, 0.7118888880941603, 0.7148518510924445, 0.715694445239173, 0.7133796290821499, 0.7157129641109042, 0.7173148163159688, 0.7183981455167134, 0.720500000582801, 0.7226759263674418, 0.724092591603597, 0.7248055555555556, 0.7265648154152764, 0.7284999995231628, 0.7287870367368062, 0.7290648146205478, 0.7308425931400723, 0.7308796286582947, 0.7347962945832146, 0.7351203681627909, 0.734277777036031, 0.7388425917095608, 0.7377314836714003, 0.7403333337042067, 0.7431481477419535, 0.7446666673554314, 0.7451481490135193, 0.7466388915909661, 0.748601852522956, 0.7492592601776124, 0.7510833325915867]}