{"val_loss": [1.818140905380249, 1.7023514003753661, 1.6067089042663574, 1.5256592540740967, 1.4940904445648193, 1.426110153198242, 1.3946130542755126, 1.3592346105575561, 1.322962013244629, 1.3066440801620482, 1.2805087242126465, 1.2567451639175415, 1.2397236185073852, 1.213480972290039, 1.2042291765213013, 1.1862907571792602, 1.1693496618270873, 1.1590245494842528, 1.131324945449829, 1.1108167667388915, 1.0847266778945923, 1.0890425586700438, 1.067629274368286, 1.024319944381714, 1.0162440795898438, 0.9903610019683838, 0.9682146368026734, 0.943464509010315, 0.9311983194351197, 0.9276417050361633, 0.8969843797683715, 0.9043044834136963, 0.8790616207122802, 0.855589551448822, 0.8611968221664429, 0.8542910642623901, 0.8400630221366883, 0.8252978096008301, 0.8275867624282837, 0.8054047236442566, 0.7965020942687988, 0.81182772731781, 0.7900222282409668, 0.7780877180099487, 0.7691817502975464, 0.7631480884552002, 0.761836410522461, 0.7660478668212891, 0.7463802118301391, 0.7377082271575928, 0.7325794773101807, 0.7281324858665467, 0.717596755027771, 0.6948389301300049, 0.6870543203353882, 0.6669240136146546, 0.6475383710861206, 0.6136599011421203, 0.5802541790008545, 0.5413649311065674, 0.49952628421783446, 0.47395068597793577, 0.4434384379386902, 0.41602163457870484, 0.4173505516052246, 0.3675381391048431, 0.34919741010665895, 0.3366509175300598, 0.3246435034275055, 0.2873918662071228, 0.27066899847984316, 0.25838763213157656, 0.2818413486480713, 0.24970675563812256, 0.227097722530365, 0.2208746247291565, 0.22006050598621368, 0.1918531289100647, 0.183762309551239, 0.1844602199792862, 0.17781881773471833, 0.1683116581439972, 0.15475070834159851, 0.1638000761270523, 0.18286473059654235, 0.15634351778030395, 0.13856142055988313, 0.13922295665740966, 0.12980375361442567, 0.12538444674015045, 0.12728550267219543, 0.12968248414993286, 0.15524417114257813, 0.14202671909332276, 0.11687533950805665, 0.12071899461746216, 0.10996516859531402, 0.11626001822948456, 0.11495584583282471, 0.10680667161941529], "val_acc": [0.333625, 0.366, 0.4015625, 0.43025, 0.4355, 0.4690625, 0.476, 0.4865625, 0.5084375, 0.51475, 0.5156875, 0.5303125, 0.536, 0.5488125, 0.547625, 0.552, 0.5615, 0.5585625, 0.5738125, 0.5786875, 0.5916875, 0.5864375, 0.590875, 0.609625, 0.608625, 0.6205625, 0.6283125, 0.6393125, 0.64075, 0.6411875, 0.6556875, 0.6473125, 0.658125, 0.674375, 0.6686875, 0.6703125, 0.67625, 0.681125, 0.679, 0.692, 0.69775, 0.6828125, 0.6953125, 0.7019375, 0.7051875, 0.7066875, 0.7076875, 0.704, 0.7148125, 0.71825, 0.71975, 0.719125, 0.722375, 0.730625, 0.7346875, 0.7418125, 0.74775, 0.7549375, 0.76875, 0.781625, 0.80525, 0.8140625, 0.8338125, 0.845125, 0.8445, 0.8643125, 0.8744375, 0.880125, 0.881, 0.89975, 0.9065, 0.9088125, 0.8983125, 0.9133125, 0.9226875, 0.9211875, 0.9234375, 0.934125, 0.9340625, 0.937, 0.9405625, 0.9415625, 0.947, 0.9411875, 0.93425, 0.9456875, 0.95275, 0.9499375, 0.9540625, 0.9556875, 0.954125, 0.955375, 0.9463125, 0.9505625, 0.9600625, 0.957, 0.9624375, 0.959, 0.9589375, 0.9605625], "loss": [1.9144388659795126, 1.743253230412801, 1.6551392407947116, 1.5646471542782254, 1.4966350218454996, 1.4494264528486465, 1.4073280107710096, 1.372362544907464, 1.3384997632768418, 1.3088423400455051, 1.2853707690768772, 1.264543704562717, 1.241384838104248, 1.2250077893998887, 1.2041988557179768, 1.1903746560414632, 1.1712670158810086, 1.1532582937876383, 1.1361396652857463, 1.1126314676072862, 1.0910958584679498, 1.06680924404992, 1.044510734346178, 1.0179485975901286, 0.9966220827102661, 0.9731973941061232, 0.9512513971858555, 0.9344204111099244, 0.9131721762551201, 0.8967144107818603, 0.8820609605047438, 0.8650131918589274, 0.8522037723329332, 0.8360232205920749, 0.8263515739440918, 0.8135412181218465, 0.8021919439103868, 0.7920505489773221, 0.778859812259674, 0.7724394643571642, 0.7642479748725891, 0.7535792700979445, 0.7467763799031576, 0.7395219607353211, 0.7298012726042006, 0.7218925745222303, 0.7181377794477675, 0.708688674820794, 0.7035680518680149, 0.6887331108517117, 0.685111315674252, 0.6707318583594428, 0.6593110809326171, 0.6471202206081814, 0.6283171581692166, 0.6141279016070895, 0.5909303484492832, 0.5644608237478468, 0.5380774377187093, 0.49917845929993526, 0.4676548211839464, 0.43262710049417286, 0.40478232516182794, 0.373352847231759, 0.35615631034639145, 0.32727221043904625, 0.30651051256391737, 0.2835055997636583, 0.26782010682423907, 0.2547005253103044, 0.2337050844033559, 0.2198266461557812, 0.21060176719559565, 0.19427705375353496, 0.1763621672126982, 0.17268456649780273, 0.16915847702821096, 0.15362783536646102, 0.14370669071541892, 0.13789079780048794, 0.1356011658112208, 0.11818325338098738, 0.11161912441253662, 0.11158716764714982, 0.10791628042194579, 0.09992137757937114, 0.10794126479493248, 0.08719853942924076, 0.10049083364672132, 0.07766155041588678, 0.07274988021453221, 0.08361415084203085, 0.07776318715678321, 0.0752905963593059, 0.0771725656191508, 0.060005020651552415, 0.06198503282997343, 0.05751269912057453, 0.07824169217546781, 0.06890975171658728], "acc": [0.3152986111111111, 0.34852777777777777, 0.38105555555555554, 0.4166388888888889, 0.443125, 0.4579166666666667, 0.47294444444444445, 0.4850138888888889, 0.5001736111111111, 0.5124583333333333, 0.5196319444444445, 0.5270694444444445, 0.5358402777777778, 0.5415069444444445, 0.5500694444444445, 0.5545763888888889, 0.5634236111111111, 0.5691458333333334, 0.5754305555555556, 0.5839305555555555, 0.5897847222222222, 0.5997222222222223, 0.6061736111111111, 0.617125, 0.6242638888888888, 0.6323611111111112, 0.6406736111111111, 0.6463888888888889, 0.6543263888888889, 0.6612777777777777, 0.6664583333333334, 0.6731041666666666, 0.6781944444444444, 0.6852361111111112, 0.6892430555555555, 0.6940694444444444, 0.6981875, 0.7030069444444444, 0.7089305555555555, 0.7110416666666667, 0.7149097222222223, 0.7198680555555556, 0.7222569444444444, 0.7243194444444444, 0.729875, 0.7322777777777778, 0.7332638888888889, 0.7368402777777778, 0.7384791666666667, 0.7453958333333334, 0.7454375, 0.7522222222222222, 0.7551875, 0.7596944444444444, 0.7657638888888889, 0.7704027777777778, 0.7781805555555555, 0.7864027777777778, 0.7959791666666667, 0.8118125, 0.8254166666666667, 0.8415625, 0.8546319444444445, 0.8687083333333333, 0.8772013888888889, 0.8897916666666666, 0.8992708333333334, 0.9092986111111111, 0.9152361111111111, 0.9204791666666666, 0.9294375, 0.9344027777777778, 0.9367013888888889, 0.9428402777777778, 0.9507638888888889, 0.9504027777777778, 0.9512083333333333, 0.9560347222222222, 0.9599375, 0.9610555555555556, 0.9611666666666666, 0.9687361111111111, 0.9708611111111111, 0.9699930555555556, 0.9706180555555556, 0.9724930555555555, 0.9691944444444445, 0.9774027777777777, 0.971625, 0.9807222222222223, 0.9827847222222222, 0.9766458333333333, 0.9792708333333333, 0.9796111111111111, 0.9784861111111111, 0.9857708333333334, 0.9842222222222222, 0.9857222222222223, 0.9767083333333333, 0.9805625]}