{"val_loss": [1.7400105981826781, 1.7075585269927978, 1.6499747142791747, 1.6123045129776001, 1.5610229053497315, 1.522694242477417, 1.4899271173477173, 1.4574908294677735, 1.414000400543213, 1.3837302017211914, 1.3353920106887818, 1.3094650230407714, 1.2887747020721436, 1.2624060506820678, 1.2343134536743163, 1.2335244665145875, 1.1735054922103882, 1.1519023418426513, 1.1236192722320557, 1.1072823734283448, 1.0895028257369994, 1.0572750225067138, 1.0557813930511475, 1.0531748218536376, 1.0222261810302735, 0.9976002550125123, 1.010858147621155, 0.9765786933898926, 0.9697708783149719, 0.9595765180587769, 0.962751130104065, 0.9405600781440735, 0.9220830764770508, 0.9241528120040894, 0.9022362718582153, 0.8966099863052368, 0.8774279551506042, 0.8637065234184265, 0.8548863573074341, 0.8325145802497864, 0.8147241368293762, 0.7950201148986816, 0.7696498384475708, 0.7528182730674744, 0.7423970704078674, 0.708220181465149, 0.6896542429924011, 0.6507899255752564, 0.6331942291259766, 0.6054162278175353, 0.5853314051628112, 0.5521222062110901, 0.5413310351371765, 0.5363890571594239, 0.49116144156455993, 0.45754128098487856, 0.4462591879367828, 0.42424844694137576, 0.41672611665725706, 0.38020162653923034, 0.3752085614204407, 0.35645795822143556, 0.338907110452652, 0.34484418058395383, 0.3142718830108643, 0.31906724548339843, 0.29798482441902163, 0.2744384890794754, 0.2760103752613068, 0.2844336276054382, 0.2437089807987213, 0.25792020225524903, 0.2358909056186676, 0.2300448921918869, 0.23116771817207338, 0.2228972327709198, 0.23793007850646972, 0.19942793631553649, 0.19962802124023438, 0.19523343431949616, 0.2004032098054886, 0.18298201847076417, 0.16896340668201446, 0.1676179687976837, 0.17999710750579834, 0.16472981250286103, 0.16150948226451875, 0.16667563319206238, 0.16287191033363344, 0.14464230847358703, 0.14450227379798888, 0.1649887727499008, 0.13944103252887727, 0.13923944860696794, 0.13615089601278305, 0.12933937269449233, 0.12895594400167465, 0.12765818202495574, 0.12221059119701386, 0.1381618684530258], "val_acc": [0.355875, 0.3583750004768372, 0.37512499952316286, 0.38612499976158143, 0.41112499952316284, 0.43612500047683717, 0.45449999952316283, 0.46449999952316284, 0.47925000023841857, 0.5014999990463257, 0.515125, 0.5142499990463257, 0.528, 0.5345000009536743, 0.5415000004768371, 0.5535, 0.5612499990463257, 0.5642500004768372, 0.5820000009536743, 0.59125, 0.5971250004768371, 0.6142500009536743, 0.6088750009536743, 0.6085000009536743, 0.6255000009536743, 0.6390000009536743, 0.6110000009536743, 0.6455, 0.6435000004768372, 0.6510000004768371, 0.6457499990463257, 0.6488749990463257, 0.6605000004768372, 0.6556250004768371, 0.666375, 0.6648749990463256, 0.67925, 0.6787500004768372, 0.6829999990463257, 0.6902499995231628, 0.6991250009536744, 0.70325, 0.7129999995231628, 0.7181250004768371, 0.713125, 0.7343750009536744, 0.7367499995231629, 0.7539999990463256, 0.7631249990463257, 0.768625, 0.78, 0.7926250004768371, 0.7996249995231628, 0.7918749995231629, 0.8147499990463257, 0.8336250009536743, 0.8327499990463256, 0.8426250004768372, 0.8475, 0.8677499995231629, 0.8694999995231628, 0.8753750009536743, 0.881625, 0.8739999990463256, 0.8897499995231628, 0.8896249990463256, 0.901375, 0.909, 0.9078749995231629, 0.9022499995231629, 0.920125, 0.91575, 0.9225000004768371, 0.922875, 0.9223750009536743, 0.92525, 0.91425, 0.931125, 0.9286250004768372, 0.9341249990463257, 0.9318750004768371, 0.936, 0.944375, 0.9435000009536744, 0.9369999995231628, 0.9447499990463257, 0.9465000009536744, 0.9406250009536743, 0.9418749995231629, 0.948875, 0.9496249990463257, 0.9406249990463257, 0.9517499990463257, 0.9533749990463257, 0.9537499990463257, 0.95475, 0.957125, 0.9552500004768372, 0.95575, 0.948125], "loss": [1.9321210953394572, 1.72954108926985, 1.6906170960532294, 1.6441091980404323, 1.593839556588067, 1.5531831657621595, 1.5153298847410415, 1.4712982363171048, 1.4307112252977159, 1.3894949674606323, 1.3571995135413275, 1.326534173435635, 1.29645775519477, 1.274409529685974, 1.244370419184367, 1.2179438382254706, 1.187305308871799, 1.1555392993291218, 1.1260859519110786, 1.099858323627048, 1.077945309003194, 1.0560077991485595, 1.0373139408959282, 1.0204776735305787, 1.0017168724271985, 0.9865423719088237, 0.9720341061486139, 0.9594547310935126, 0.9461047120624119, 0.9319608103964064, 0.919523479991489, 0.9097815721829732, 0.8963800177044339, 0.8803230204052396, 0.8707618984646267, 0.8543347329033746, 0.8390199672910902, 0.8271014557414584, 0.8107180803087023, 0.7913781445291307, 0.7765512988302443, 0.754666901535458, 0.7354660455915663, 0.7130749164157444, 0.6894223962359958, 0.6691418017281426, 0.6444655863973829, 0.6218410666253832, 0.5917366055912442, 0.5680914477242364, 0.5441595499515534, 0.5189307702117496, 0.49614305761125355, 0.4689373189608256, 0.4519449647532569, 0.4251990309026506, 0.40630602227316964, 0.3848311670886146, 0.3699214484161801, 0.3528559669918484, 0.33166130004988775, 0.3129243905544281, 0.300581935511695, 0.2862609355714586, 0.2748660093943278, 0.2589953891436259, 0.25114107240570915, 0.2376234561867184, 0.22390994323624505, 0.2183749339580536, 0.20511592907375759, 0.19567436558670467, 0.1893991727431615, 0.17707633578777313, 0.16966730280717213, 0.16897917596499126, 0.1577207755777571, 0.15750308423572115, 0.14339689650800494, 0.1423126030365626, 0.1372500990761651, 0.1366911464134852, 0.12399674961302015, 0.11551716176668803, 0.11654305312368606, 0.10865517867936028, 0.1063571422431204, 0.11437315558724934, 0.10432996510134802, 0.09318693498770396, 0.10004824800623788, 0.09471248188283708, 0.08851790948708853, 0.08047773461209404, 0.08028190445899963, 0.08533439140849643, 0.07630058066050212, 0.08847897135549121, 0.06987284355362257, 0.06653320524758763], "acc": [0.3204166667196486, 0.35318055560853745, 0.36536111108462016, 0.38037499994701807, 0.39905555558204653, 0.4229027778307597, 0.4409722221692403, 0.4604444444709354, 0.4729027778307597, 0.48895833333333333, 0.5048194445504083, 0.5170555555025736, 0.5253472221162584, 0.5351111110581293, 0.5466527777777778, 0.5546805555555555, 0.5670972222222223, 0.5789583332273696, 0.5909305556085375, 0.6002083333333333, 0.6086944445504082, 0.6173194443384806, 0.6247222222222222, 0.6314861110051473, 0.6391944445504083, 0.6459305556615194, 0.649625000052982, 0.6553055556085374, 0.6585555556615194, 0.6659166667196486, 0.6714305554495917, 0.6727916666666667, 0.6780416667196486, 0.6869583332273695, 0.685486111164093, 0.6944722221162584, 0.7011249998940362, 0.7044444444974264, 0.7103194445504083, 0.7178611110051473, 0.7204027777777777, 0.7280833334392971, 0.7344305556615194, 0.7415138888888889, 0.7509305555025737, 0.7573888889948527, 0.7660972221162584, 0.7742083334392972, 0.7889722223281861, 0.7970833334392972, 0.8088888888359069, 0.8184722223281861, 0.8274166667726305, 0.8395277777777778, 0.8445138888888889, 0.857777777671814, 0.8660138887829251, 0.8763472221162584, 0.8813472221162584, 0.8883055554495918, 0.8970833332803514, 0.906736111164093, 0.9110138889948527, 0.9155694444974264, 0.9192638888359069, 0.9276527778837416, 0.9261666667726305, 0.9320833333863152, 0.9377916667726305, 0.9377083333333334, 0.9431111112170749, 0.9462361111111111, 0.9473750001059638, 0.9514722222222223, 0.9542638889948527, 0.9534305554495918, 0.9567777778307597, 0.9548055555555556, 0.9628194443914625, 0.9611805555555556, 0.962652777671814, 0.9623749999470181, 0.9679999998940362, 0.9709861111111111, 0.9691666667196486, 0.9725277778837416, 0.9732361112170749, 0.9686388889418708, 0.9725416666136848, 0.9777916667196486, 0.9731666665607028, 0.9757361110051473, 0.9781249999470181, 0.9819722221162585, 0.9807777778837415, 0.9783194443914626, 0.9819999999470181, 0.9756805555025736, 0.9844027777247959, 0.9855694444974263]}