{"val_loss": [1.8061035919189452, 1.7707365942001343, 1.7414277648925782, 1.7016812915802002, 1.6618935022354127, 1.6186556692123413, 1.5865710096359253, 1.5382345943450928, 1.5064269552230836, 1.4870254068374633, 1.4761132097244263, 1.4375562744140624, 1.4144983158111573, 1.3909701690673828, 1.3821258134841918, 1.365234685897827, 1.3536617612838746, 1.3500681371688843, 1.3236723203659058, 1.3109057312011718, 1.3054184627532959, 1.293632513999939, 1.2851223611831666, 1.272974657058716, 1.2604398536682129, 1.2464411640167237, 1.2563670949935912, 1.2322243309020997, 1.2308851251602173, 1.2106244440078735, 1.211009786605835, 1.1932374639511107, 1.1993449850082398, 1.1788395824432374, 1.1683013849258423, 1.1649562320709228, 1.1590089683532714, 1.149685923576355, 1.1275082750320435, 1.1231413116455078, 1.1254264125823974, 1.1041171808242798, 1.091619857788086, 1.089908272743225, 1.0685134391784668, 1.0624494256973267, 1.056737730026245, 1.0460072345733642, 1.0358917503356933, 1.0313629913330078, 1.0295147037506103, 1.0256609807014465, 1.0022610774040221, 0.9964247708320617, 0.9922750692367553, 0.9793672170639038, 0.9644406690597535, 0.9915568428039551, 0.9696078867912292, 0.9542016172409058, 0.9429579195976258, 0.9398368501663208, 0.9599200220108032, 0.932902195930481, 0.9316705732345582, 0.9245269737243652, 0.9224608073234558, 0.9095770039558411, 0.8962609143257141, 0.9105655746459961, 0.8967255983352661, 0.8775132708549499, 0.8881033663749694, 0.8984223790168763, 0.8838254327774048, 0.8794672346115112, 0.8708988680839539, 0.8851082653999328, 0.8755836062431336, 0.8578475108146667, 0.8514613571166992, 0.8459623022079468, 0.8436696729660034, 0.837787947177887, 0.8452658343315125, 0.8266092686653137, 0.8427231998443604, 0.8244898638725281, 0.8179385285377503, 0.8111993741989135, 0.8000883297920227, 0.7986883134841919, 0.7857042589187622, 0.7782653965950013, 0.7555920391082763, 0.7535924577713012, 0.7413621516227722, 0.7304245519638062, 0.7083571825027466, 0.6885373029708862], "val_acc": [0.331375, 0.33937500047683716, 0.34912500047683714, 0.36287499976158144, 0.372, 0.39212499976158144, 0.40087499952316286, 0.4243749995231628, 0.43725000047683715, 0.44537499952316284, 0.4418749997615814, 0.46137499952316285, 0.47287500023841855, 0.4756250002384186, 0.483875, 0.4922500009536743, 0.4969999990463257, 0.48949999952316287, 0.5063749995231629, 0.5096249990463256, 0.506625, 0.5143750004768372, 0.5181249990463257, 0.5286250009536743, 0.5348750009536744, 0.5434999995231629, 0.5292499990463256, 0.5419999990463257, 0.5398750004768371, 0.5478749995231629, 0.5484999990463257, 0.5573750004768372, 0.5575000004768371, 0.564875, 0.5682500009536743, 0.563625, 0.5686250009536743, 0.5672499990463257, 0.5800000004768372, 0.5771249995231629, 0.5740000004768372, 0.5879999990463257, 0.5888750009536743, 0.5894999990463257, 0.5950000004768372, 0.599125, 0.6009999990463257, 0.6049999995231629, 0.60925, 0.6108749990463257, 0.6027499995231629, 0.6093750009536744, 0.6205000009536743, 0.6216250004768371, 0.6198750004768372, 0.6238750004768372, 0.6316250009536744, 0.6196249995231629, 0.6271250004768372, 0.6344999990463257, 0.6371250004768372, 0.6404999995231628, 0.6283750004768371, 0.6424999995231628, 0.6417500004768372, 0.6528750004768371, 0.64575, 0.654625, 0.6558749990463257, 0.6529999990463257, 0.6592500009536744, 0.665375, 0.6580000009536743, 0.65425, 0.6622500009536744, 0.6586249995231629, 0.6651249995231628, 0.6613750009536743, 0.6628750009536744, 0.6737499995231628, 0.6726250004768372, 0.6748750004768371, 0.6769999990463257, 0.6777499990463257, 0.6727500009536743, 0.683875, 0.6736250009536743, 0.68525, 0.6846249990463257, 0.6837500004768372, 0.6922500004768372, 0.6893749995231628, 0.6953750009536743, 0.6936250004768372, 0.7130000004768372, 0.7069999990463257, 0.71075, 0.7068750004768372, 0.721625, 0.7278749995231628], "loss": [2.020402252091302, 1.8010051973130967, 1.762775706715054, 1.7264806486765543, 1.6899550478193495, 1.6516460434595743, 1.6053267730077108, 1.5642775419023303, 1.5275557257334391, 1.4994785616132948, 1.4714015140533447, 1.4508781341976589, 1.426067249086168, 1.4057865737279256, 1.3912640911738077, 1.369301913579305, 1.357557709587945, 1.339545964664883, 1.3278875982496474, 1.315219317542182, 1.3037276861402725, 1.2895201660792033, 1.279774125099182, 1.2692400483025446, 1.2622788640128242, 1.2475192378362019, 1.2441427421569824, 1.230580856429206, 1.219871382607354, 1.2113350024753147, 1.202602138095432, 1.1910978904300267, 1.1844623894161648, 1.174060953564114, 1.1671379517449274, 1.1532215090857612, 1.1410493121676974, 1.1332295711305407, 1.1223286291758219, 1.1079115018844605, 1.1001832959916857, 1.083848168902927, 1.0730527718861897, 1.0713110285864935, 1.0497681965298122, 1.040844491428799, 1.0291058297687106, 1.0150529611375596, 1.004609789053599, 0.9955869702233209, 0.9917320373323228, 0.9752096768485176, 0.9682959989441766, 0.9570612170961168, 0.9486770939297147, 0.9372013960414463, 0.9278943190044827, 0.9233570235040452, 0.9186929058498806, 0.9038518396483527, 0.8958676739798652, 0.8914500592019823, 0.8818377063009474, 0.8778734762933519, 0.863837983555264, 0.8601583759519789, 0.8578131997850206, 0.8450061344040765, 0.8388017413351271, 0.8308422079616122, 0.8267469262546964, 0.8234830661879645, 0.810809396425883, 0.8075988823572795, 0.8068002297083536, 0.7937973120477464, 0.7859022972318861, 0.7827423223919339, 0.7764398202896118, 0.7716482379701403, 0.7602379607624478, 0.7543452639579773, 0.7487178146044413, 0.743913466029697, 0.7356367484728495, 0.733152838865916, 0.7211605882644654, 0.7115055754979451, 0.706855470445421, 0.696470162179735, 0.6899484842618306, 0.6863876428604127, 0.6728564086490207, 0.6610782072279189, 0.647038963953654, 0.6378877550760905, 0.6273642506599426, 0.6126540914641486, 0.6016724341710409, 0.5869967162344191], "acc": [0.2945000000529819, 0.3351944444179535, 0.34211111113760206, 0.35249999997350906, 0.36183333328035144, 0.3745138889418708, 0.395736111164093, 0.41473611108462016, 0.43109722227520414, 0.4428750000529819, 0.45156944449742636, 0.45702777772479586, 0.46608333328035145, 0.4737222221957313, 0.477486111164093, 0.48523611108462017, 0.4913472222752041, 0.49788888891537986, 0.5029444443914626, 0.5089722221692403, 0.5114583332273696, 0.5191249998940362, 0.5238749998940362, 0.5284583332273696, 0.5320416665607028, 0.5375972221692403, 0.5379027778837416, 0.5422638888888889, 0.5480138888888889, 0.5507083334392971, 0.5535277776718139, 0.5596250001059638, 0.5626666667726304, 0.5664861110581292, 0.5672222222752041, 0.5735277778837415, 0.5777777777777777, 0.5807916665607028, 0.584027777671814, 0.5885694443384807, 0.5920555555555556, 0.5965972222752042, 0.5994305556085374, 0.6002638889948527, 0.6101250000529819, 0.6126944443384806, 0.616638888835907, 0.620875, 0.6260416667726305, 0.6280277778837416, 0.6287777777247958, 0.6361250000529819, 0.6388749999470181, 0.6435694443914626, 0.6447499998940361, 0.650625, 0.6541527777777778, 0.656875, 0.6576805554495917, 0.6652638889418708, 0.6671388889948527, 0.6676388888888889, 0.671513888835907, 0.6734305555025737, 0.6822916666136848, 0.6800972222222222, 0.6801666665607029, 0.6876527777777778, 0.6887916666666667, 0.6929027777777778, 0.6935972221692404, 0.6955555556615194, 0.7005555556615194, 0.7028888888359069, 0.7006388889948527, 0.7053333333333334, 0.7106111112170749, 0.7099861110051473, 0.7148611111111111, 0.7147083334392972, 0.7209861112170749, 0.7226111110051473, 0.7241944443384807, 0.7263888888888889, 0.7279166667726304, 0.7294722222222222, 0.7360972223281861, 0.7399166666666667, 0.7392500000529819, 0.7449583332803514, 0.7468472221162584, 0.7446527778307597, 0.7513611110051474, 0.7560277778307597, 0.7604305556085375, 0.7626944443384807, 0.7661666667196486, 0.7701388888888889, 0.7758888889418708, 0.7803611111111111]}