{"val_loss": [1.722744047164917, 1.7007989645004273, 1.6643375778198242, 1.5803615818023682, 1.545027442932129, 1.5148847646713257, 1.4765275115966796, 1.4420942897796631, 1.4176990194320678, 1.3947099113464356, 1.3577034015655518, 1.3207307720184327, 1.2898596363067627, 1.2570855617523193, 1.2244378452301026, 1.204030294418335, 1.1771264781951905, 1.1651273860931397, 1.1409910354614259, 1.1250156116485597, 1.1194458751678467, 1.1032503757476806, 1.0912470722198486, 1.0848894319534301, 1.0661403951644897, 1.0488464918136597, 1.055811930656433, 1.033275288105011, 1.0224198184013367, 1.0181234083175659, 1.0159837503433227, 1.0037481923103333, 0.9965491981506348, 0.9965619039535523, 0.9943776464462281, 0.9850296435356141, 0.9770884246826171, 0.9685691862106324, 0.9689205656051636, 0.9607169647216797, 0.9607530293464661, 0.9560376844406128, 0.9505451474189758, 0.9580496778488159, 0.9475596809387207, 0.9511051206588745, 0.9509785232543946, 0.9457802996635437, 0.9324519281387329, 0.9365364179611206, 0.9289875102043151, 0.9316339077949524, 0.9283100934028625, 0.9228075952529907, 0.9346381030082702, 0.920985107421875, 0.9181899800300598, 0.9145219960212707, 0.9101161427497864, 0.921547260761261, 0.9121138010025024, 0.9102795062065124, 0.9147240476608276, 0.910932354927063, 0.912290581703186, 0.9126494760513306, 0.9142583322525024, 0.91496280002594, 0.905964560508728, 0.9069232015609742, 0.9188268809318543, 0.911967743396759, 0.907080849647522, 0.9170268526077271, 0.9086041707992554, 0.9082807612419128, 0.9069975848197938, 0.9041355581283569, 0.9141307454109192, 0.9058642382621765, 0.913259418964386, 0.9055282969474793, 0.9196112022399903, 0.925010413646698, 0.9120388984680176, 0.912233904838562, 0.9155437803268432, 0.9180163884162903, 0.9179228663444519, 0.9301122317314148, 0.9163599095344543, 0.9197258143424988, 0.9280498428344727, 0.9322227926254273, 0.9262918014526367, 0.9291316003799438, 0.9308621110916138, 0.9369679875373841, 0.9311767225265503, 0.9335527582168579], "val_acc": [0.377166663646698, 0.3779999990463257, 0.39099999952316283, 0.41233333373069764, 0.42916666698455813, 0.4379166634082794, 0.447499995470047, 0.45791666841506956, 0.4687499952316284, 0.48008333301544187, 0.49066667032241823, 0.5036666612625122, 0.5182499985694885, 0.5249999990463257, 0.5379999985694885, 0.5471666693687439, 0.5587500042915344, 0.5590833306312561, 0.5725833311080932, 0.5763333339691162, 0.5785833353996277, 0.581416666507721, 0.5860833401679992, 0.5913333373069763, 0.6013333282470703, 0.6048333392143249, 0.5998333368301392, 0.6044166684150696, 0.6114166631698609, 0.6125000009536743, 0.6154166669845581, 0.6220833296775818, 0.6212499918937683, 0.6226666631698609, 0.6199999980926514, 0.6279166669845581, 0.6273333449363708, 0.6344166603088379, 0.6310833311080932, 0.6349166707992554, 0.6351666617393493, 0.6352499928474427, 0.6402500047683716, 0.6343333425521851, 0.6406666731834412, 0.6376666617393494, 0.6386666626930236, 0.6415000019073487, 0.6463333353996277, 0.6451666688919068, 0.6495833301544189, 0.6480833292007446, 0.6521666622161866, 0.6500000052452087, 0.6460833344459533, 0.6487500042915344, 0.6518333325386048, 0.657916663646698, 0.6568333339691163, 0.6539999980926514, 0.6555833325386048, 0.6554166660308838, 0.6591666655540467, 0.6605833287239075, 0.6579166679382324, 0.6609166660308838, 0.6599166626930237, 0.6584999961853027, 0.6566666722297668, 0.6621666688919068, 0.6600833349227905, 0.6609166679382324, 0.6650833249092102, 0.6594166693687439, 0.6629166593551635, 0.6640833334922791, 0.6638333258628846, 0.6666666655540466, 0.6628333287239074, 0.6644166593551636, 0.6644166626930237, 0.6684999985694885, 0.6660833339691162, 0.6629166674613952, 0.6684999966621399, 0.6683333306312561, 0.6669166698455811, 0.6659166655540466, 0.664999993801117, 0.6654999928474427, 0.665750006198883, 0.6684166693687439, 0.6649166712760926, 0.6656666707992553, 0.6675000004768371, 0.6651666650772095, 0.6686666646003723, 0.6679999976158142, 0.668166672706604, 0.6669999976158142], "loss": [1.914421091079712, 1.7339361259672377, 1.7144785494274564, 1.6339908832973904, 1.5794873322380913, 1.544348537656996, 1.5106769041485257, 1.4762212895287408, 1.4443616461224027, 1.4120879347059463, 1.380235417789883, 1.3443854024675157, 1.3142389707565307, 1.2812986698150635, 1.2505790736940172, 1.2217735555436877, 1.1953090465333727, 1.1713990813361275, 1.1509645154741075, 1.1321671895980836, 1.112650123808119, 1.0997568963368733, 1.084671448389689, 1.068403772248162, 1.0560696364508735, 1.0435870353380838, 1.0290897397994996, 1.0202483519448173, 1.0082710943222046, 0.9998114080429077, 0.9924458345837063, 0.9837480963601006, 0.9713340033425225, 0.9635957823329502, 0.9566526603168911, 0.947123128467136, 0.9424409997198316, 0.9305227551460266, 0.9246259952121311, 0.9185194461080763, 0.9095787863201565, 0.9030030648973253, 0.8969053128560384, 0.8939743936856588, 0.8837041805055407, 0.8794939693344964, 0.8720858019193013, 0.8678261108928257, 0.8609187758763631, 0.8565425377951728, 0.8476402537557813, 0.8415879207717047, 0.8366745793024699, 0.8338667072719997, 0.8280455776320563, 0.8204202808274164, 0.8153464203410679, 0.8107526148690117, 0.8057664232254028, 0.8023566865391202, 0.8004741812811957, 0.78772861872779, 0.7843761372566224, 0.7791252047220866, 0.7785868085755242, 0.772632852713267, 0.7684027747048272, 0.762798723326789, 0.7575442889001635, 0.7498249490525988, 0.7467581265237596, 0.7463915972709656, 0.741654658847385, 0.7350110279719034, 0.7301723946465386, 0.7286765611966451, 0.7239491454230415, 0.7169813503159417, 0.7146438247892591, 0.7091198584768508, 0.7070438345803155, 0.6995179459253947, 0.6942382174068027, 0.6935353368653191, 0.6860804395675659, 0.6854572085274591, 0.678841919740041, 0.6741619167327881, 0.6689281773567199, 0.6697369218932258, 0.6642968665758768, 0.6589432477421231, 0.6541096233791776, 0.6548144428465101, 0.6483568126360575, 0.644874866856469, 0.6428402890629239, 0.6352325181431241, 0.632546166314019, 0.6258997957971361],