{"val_loss": [1.73321644115448, 1.5863507652282716, 1.5255900630950927, 1.458546796798706, 1.3908298416137694, 1.3387198505401612, 1.2623967380523682, 1.2101438236236572, 1.1708872499465943, 1.1292723608016968, 1.1038773384094238, 1.0877501201629638, 1.0641049728393555, 1.0345952692031861, 1.0266208238601684, 1.0108170356750488, 0.9926001548767089, 0.9883640022277832, 0.9770685958862305, 0.9849456386566162, 0.9535338287353515, 0.9409535479545593, 0.9391922426223754, 0.93844526720047, 0.9142047152519226, 0.9125234518051147, 0.9039116697311401, 0.9040478849411011, 0.9012667546272278, 0.887048505783081, 0.8821254854202271, 0.8864058508872986, 0.8640456085205078, 0.8624542551040649, 0.856632040977478, 0.8465293407440185, 0.8514197254180909, 0.8451052050590515, 0.836025610923767, 0.8269694347381592, 0.8266291923522949, 0.8090290546417236, 0.8098323650360107, 0.8002135100364685, 0.816721423625946, 0.7768555927276611, 0.7742043347358704, 0.762586630821228, 0.7537817277908325, 0.7435339479446411, 0.7279798202514648, 0.7143723306655884, 0.6953161091804504, 0.6775506744384766, 0.6622560029029846, 0.6492253432273865, 0.6306223015785217, 0.6184833073616027, 0.6177165651321411, 0.5924622955322265, 0.593673581123352, 0.5798791875839233, 0.5731709756851197, 0.5698307271003723, 0.5585670752525329, 0.5462092561721802, 0.541387834072113, 0.545723295211792, 0.5316703662872314, 0.5666102633476258, 0.5187721889019012, 0.5141395349502563, 0.5210432028770446, 0.5020380096435547, 0.49637415099143983, 0.4938742763996124, 0.5009423842430115, 0.4989185800552368, 0.4779431538581848, 0.487186808347702, 0.4747516615390778, 0.47947474813461305, 0.48032716298103334, 0.47001416397094725, 0.468685182094574, 0.4715815463066101, 0.45975896120071413, 0.4763236610889435, 0.46187344312667844, 0.4514412717819214, 0.4555159816741943, 0.4500563087463379, 0.47075979232788084, 0.45781094098091124, 0.47132263994216916, 0.4529112391471863, 0.44302328181266787, 0.4478688015937805, 0.44630507707595823, 0.43722861957550047], "val_acc": [0.37558333373069763, 0.4122916660308838, 0.43395833563804626, 0.4532916660308838, 0.4717083330154419, 0.4924166669845581, 0.525666666507721, 0.5492083287239075, 0.5610416660308838, 0.5733333296775818, 0.5807083277702332, 0.5853333353996277, 0.5960833325386047, 0.6074166693687439, 0.6095833411216736, 0.6170833358764648, 0.62275, 0.6224166617393494, 0.6234583334922791, 0.62187500333786, 0.6356250023841858, 0.6382916641235351, 0.638416663646698, 0.6384583353996277, 0.6508750023841858, 0.6503333296775818, 0.6564999980926514, 0.6541666712760925, 0.6553750033378601, 0.6629166693687439, 0.6631666655540467, 0.6632499947547913, 0.6700416655540467, 0.6690000052452088, 0.6724166665077209, 0.6751666655540466, 0.6733333353996277, 0.6775000023841858, 0.6803749980926513, 0.6820416679382324, 0.6837083296775818, 0.6905416703224182, 0.6870833339691163, 0.693833333492279, 0.6894999976158143, 0.6998333344459534, 0.7032916646003723, 0.707416663646698, 0.7109583339691162, 0.7169583277702332, 0.7183750038146972, 0.7248750057220459, 0.7356666655540466, 0.7402083315849304, 0.74475, 0.7530833296775817, 0.7587916679382324, 0.7681249976158142, 0.7644583353996277, 0.7767083344459533, 0.78025, 0.7858333344459534, 0.7872083373069764, 0.7853333315849305, 0.7923750004768372, 0.7957916665077209, 0.798875, 0.7991249985694885, 0.8015833315849304, 0.7981666626930237, 0.8094166679382324, 0.8127500019073486, 0.805583336353302, 0.8198333325386047, 0.8174583339691162, 0.8190416731834411, 0.82125, 0.8124166684150695, 0.8273333377838135, 0.8226666641235352, 0.828375, 0.828125, 0.8249166684150696, 0.830375, 0.8326250004768372, 0.8278750014305115, 0.8345833334922791, 0.8292916731834412, 0.8329583301544189, 0.8345833344459533, 0.8367916646003724, 0.8387083315849304, 0.8322916655540467, 0.8365833334922791, 0.8311666679382325, 0.8369583301544189, 0.8411666588783264, 0.8404999928474426, 0.8411249976158142, 0.8428750019073487], "loss": [1.8251597491370306, 1.6710032600826688, 1.5603559784359402, 1.5010149130291408, 1.4351329500410293, 1.37186519241333, 1.3057248814900717, 1.2423561646143595, 1.1890389262305365, 1.1463901986016167, 1.1134573730892605, 1.0868405511644152, 1.0614364024268257, 1.0417391485638088, 1.0213948516315885, 1.0042591764662, 0.9890733189053006, 0.9750701167848375, 0.9600467992358738, 0.9482282632191976, 0.9362585243648953, 0.9225955135557387, 0.913118621137407, 0.9017098858091567, 0.8915468763245477, 0.8830032736460368, 0.8767444207403395, 0.8653401045799255, 0.8561832531293233, 0.847803956243727, 0.8395922749307421, 0.8316985514428881, 0.8244543941285876, 0.8168929232491388, 0.811025588883294, 0.8003816631105211, 0.7935325583351983, 0.7856655272377862, 0.7799022150039673, 0.7690673123465644, 0.7613891271485222, 0.7509599752426147, 0.7428363941510518, 0.7351188450919257, 0.7250393697420756, 0.7143932751549614, 0.7042929446962145, 0.6940676952997843, 0.6797426844702826, 0.6700171988275316, 0.6534532443152533, 0.6398393363952637, 0.6225676539209154, 0.6061034403906929, 0.5899340023994446, 0.5721521858109369, 0.5591200980080498, 0.5436493640475802, 0.5325728938844468, 0.521228571150038, 0.5084229947196113, 0.4996743556658427, 0.4874692234463162, 0.48082147132025826, 0.47819485590193006, 0.4636436807844374, 0.4526591435008579, 0.4466992638376024, 0.4376802820629544, 0.4321450602743361, 0.4315153516928355, 0.41549994574652777, 0.4116030483775669, 0.4054621713956197, 0.39928791321648494, 0.394894274658627, 0.38978092108832463, 0.3820088708665636, 0.3778262314266629, 0.3711541398366292, 0.3689142355389065, 0.3591526202890608, 0.35856484871440464, 0.36056521423657734, 0.3473548683590359, 0.34316448476579453, 0.33868010081185235, 0.33720702306429545, 0.3323845872349209, 0.3303376789357927, 0.32531012498007883, 0.3245439053641425, 0.32298778030607433, 0.31313443046145967, 0.31850035866101584, 0.30848716727892556, 0.3042037394841512, 0.2998037781980303, 0.29665334759818185, 0.30300744173261857], "acc": [0.3542777779102325, 0.3893564814196693, 0.4210000003443824, 0.43752777812216015, 0.45898611113760207, 0.48026851812998456, 0.50766666648123, 0.5342268522050646, 0.5533611101044549, 0.5686620387501187, 0.5809953680568272, 0.5903888887299432, 0.5999259259965685, 0.6071527796851264, 0.6154861126475863, 0.620865737332238, 0.626879631254408, 0.6319999984635247, 0.6382870362069871, 0.6431574065420362, 0.6473564810752869, 0.6526527771949768, 0.6563287029266357, 0.6605324079195658, 0.6641018511984084, 0.6663055560323927, 0.6692500006887648, 0.6734305549197727, 0.6770601851145427, 0.6804120368957519, 0.683884257475535, 0.6868472221692403, 0.6892685174412198, 0.6917916656600105, 0.6940231465763516, 0.6984351854854159, 0.7013981483777364, 0.7038518527878656, 0.706101851357354, 0.7101342593299018, 0.7133750006357829, 0.7166666647063361, 0.7202962970203823, 0.7220879629453023, 0.7254537048869663, 0.7294120371606615, 0.7328796306186253, 0.7364212958547804, 0.7423425928751628, 0.746069442960951, 0.7521250009006925, 0.7577731478479174, 0.7647546292940776, 0.7720231476359897, 0.778824074904124, 0.7864444443914625, 0.7927453712357415, 0.8005046290821499, 0.805185184319814, 0.8096249997880723, 0.815078705628713, 0.8189537028736539, 0.8243842608133952, 0.8277638874583774, 0.8279444446563721, 0.8340694443914626, 0.8385601863331265, 0.8403749987284342, 0.8444861107402377, 0.8467037032975091, 0.8471759261555142, 0.8524768518341912, 0.8542268500328064, 0.8554444436497158, 0.8588009264204237, 0.8597361110581292, 0.8609768549071418, 0.8645324073897468, 0.8658611106872559, 0.8686527776188321, 0.8688657400343153, 0.872666666454739, 0.8725787032975091, 0.8705185192955864, 0.8771250010596381, 0.8786157400872973, 0.8797037024497986, 0.8796481486956278, 0.8811249996291266, 0.8824027767711216, 0.8839212977091472, 0.8835185191366408, 0.8844027777247959, 0.8886342592769199, 0.885555556986067, 0.8906111108462016, 0.8918796297179328, 0.8930231488015916, 0.894703704463111, 0.8912638893127441]}