{"val_loss": [1.7998940296173096, 1.7648530435562133, 1.7426930780410768, 1.6753431396484375, 1.6395413122177125, 1.6128002738952636, 1.5924956979751588, 1.564477653503418, 1.5383169345855714, 1.5133255615234376, 1.4730405673980713, 1.443048833847046, 1.405455979347229, 1.3765463933944702, 1.3390763607025147, 1.304272222518921, 1.2702705240249634, 1.2523941669464111, 1.2298715810775758, 1.1997390985488892, 1.176228666305542, 1.1608379001617433, 1.146861696243286, 1.1295924530029298, 1.1127221975326538, 1.104240333557129, 1.092813621520996, 1.0717869968414306, 1.069723035812378, 1.0596116666793822, 1.0431861629486083, 1.0386181697845458, 1.0262520751953126, 1.0201090078353883, 1.0192521266937256, 0.9979425916671752, 0.9968566331863403, 0.994386257648468, 0.9817902908325196, 0.9770204267501831, 0.9829334597587586, 0.9660004739761352, 0.9855228452682495, 0.9541013994216919, 0.9535632410049438, 0.9538915791511535, 0.9490241580009461, 0.9413840217590332, 0.9379306154251099, 0.9426430959701538, 0.9291492004394531, 0.9451480493545532, 0.9252623205184937, 0.9155335917472839, 0.918044490814209, 0.911393988609314, 0.9092912631034851, 0.895238615989685, 0.8898154268264771, 0.9016838145256042, 0.8934761209487915, 0.888277816772461, 0.8855700721740722, 0.8835558004379273, 0.8753945722579956, 0.8696610002517701, 0.8593203959465027, 0.8531267805099487, 0.854854335308075, 0.8487527341842651, 0.853802806854248, 0.8422529554367065, 0.8363718385696411, 0.8354768095016479, 0.8199585542678833, 0.8176935119628906, 0.8180689244270325, 0.8050370831489563, 0.8096124911308289, 0.7978959383964539, 0.8005590887069702, 0.7840626916885376, 0.7776091656684876, 0.765346049785614, 0.7759105525016785, 0.7696393060684205, 0.7536705627441406, 0.7639647402763367, 0.7474069185256959, 0.7371121516227722, 0.7463207712173462, 0.7256728062629699, 0.7152744178771973, 0.7107900729179383, 0.7138156127929688, 0.7100331382751465, 0.7040814156532288, 0.6895736131668091, 0.703909779548645, 0.7080487718582154], "val_acc": [0.3470000011920929, 0.35440000200271604, 0.3656999969482422, 0.3815000033378601, 0.3910999972820282, 0.4006999976634979, 0.4096000006198883, 0.41390000414848327, 0.4233000016212463, 0.4340000014305115, 0.4464999985694885, 0.4603999967575073, 0.4724999997615814, 0.4811999986171722, 0.4999000005722046, 0.5128000001907349, 0.5252000041007996, 0.5291999959945679, 0.53710000705719, 0.5477999939918518, 0.5589000000953674, 0.5631999955177307, 0.5659000053405762, 0.5742000017166138, 0.5841999964714051, 0.5835000009536743, 0.5836999983787536, 0.5930999975204467, 0.5937999930381775, 0.5972000064849854, 0.6026000008583069, 0.6031999988555908, 0.6133000030517578, 0.6112999978065491, 0.6111000003814697, 0.6181999959945679, 0.6203999962806702, 0.6182000007629395, 0.6263999996185303, 0.62539999294281, 0.6237999982833863, 0.6295999965667725, 0.6247000021934509, 0.6364999942779541, 0.6336999955177307, 0.6363000001907348, 0.6361000018119812, 0.6427000017166138, 0.6443999934196473, 0.6423000016212463, 0.6485999970436096, 0.6443000011444092, 0.6503000011444092, 0.6533999953269959, 0.6493000025749207, 0.654999990940094, 0.6543999991416931, 0.6582000055313111, 0.6623000016212464, 0.6594000015258789, 0.664199999332428, 0.6586999959945679, 0.6607999982833862, 0.661500002861023, 0.6671999974250793, 0.6674000067710877, 0.6734000024795532, 0.6718000011444092, 0.6752000007629394, 0.6817999982833862, 0.679199993133545, 0.6794999980926514, 0.6761999983787537, 0.680199999332428, 0.6880000038146973, 0.6850999908447266, 0.685399995803833, 0.6910999984741211, 0.6915000019073486, 0.6956999931335449, 0.696300000667572, 0.6981999883651734, 0.6973000025749206, 0.7044000015258789, 0.7036000051498413, 0.7072999973297119, 0.7070000009536743, 0.709600001335144, 0.7166999974250794, 0.7198999996185302, 0.7160999960899354, 0.7201999983787537, 0.7249000020027161, 0.7267999920845032, 0.7307999897003173, 0.7285999979972839, 0.7345000009536743, 0.742199999332428, 0.7356000084877015, 0.7358000054359436], "loss": [1.9674098697238498, 1.7928049827151828, 1.7678848046196831, 1.7293139690823025, 1.6758019296858047, 1.6426257727940878, 1.6187817482418485, 1.5952638569937811, 1.5713309961954753, 1.5365850735770332, 1.5010917933781942, 1.468975374645657, 1.4338765405019125, 1.399680679321289, 1.3651146935356988, 1.3289013197157118, 1.2982789096832275, 1.2677785916858249, 1.2390802851782905, 1.210815809249878, 1.1872714040544299, 1.1668097888098823, 1.1444286450280083, 1.1289185451931423, 1.110540082083808, 1.0940765887366402, 1.0776414810816446, 1.0633469325171576, 1.0496128291024103, 1.0363448615603976, 1.026292900191413, 1.0129664324654473, 0.9986661372184753, 0.9866628487904866, 0.9750304731792874, 0.9630008452203539, 0.9523761956426833, 0.9406195268101163, 0.9328222835328844, 0.9221893708440992, 0.9139087150361803, 0.9033179041544597, 0.8936451077461243, 0.8863238286972046, 0.8752068307664659, 0.8675025287204319, 0.855652220778995, 0.8501636560757955, 0.8442771266831292, 0.8343019141091241, 0.8255231886969673, 0.8167720549901326, 0.810314377201928, 0.8008190935452779, 0.7946512392891778, 0.7828105394575331, 0.7765137325922649, 0.7703223720656501, 0.7638928218417698, 0.7523400239944458, 0.743956734975179, 0.736667151927948, 0.7292078507741292, 0.7224654451476203, 0.7116285532845391, 0.7042250508732266, 0.6957701177597045, 0.6888237252765231, 0.6792528337372674, 0.6727259009679158, 0.6655205446879069, 0.6535351849661933, 0.6455044406255086, 0.6400449804729885, 0.6292544895278083, 0.6223825518290201, 0.6133866767353482, 0.6035500716633266, 0.5954952572186788, 0.588628797531128, 0.5803360060585869, 0.5687928615676032, 0.560884809282091, 0.5511586851014031, 0.543642011112637, 0.5330956301159329, 0.5260419325298733, 0.5174341314103869, 0.5127918535603417, 0.5024224728213417, 0.49598811107211643, 0.4853509591420492, 0.4772564412222968, 0.47207719193564524, 0.4618501894738939, 0.45649864263004725, 0.45047242551379735, 0.4412384071350098, 0.4320552412668864, 0.43118626046180725],